# Founder genotypes (A/B/-) for GigaMUGA chromosome 19
# nrow 3133
# ncol  9 
marker,A,B,C,D,E,F,G,H
UNCHS047038,A,A,A,A,A,B,B,B
JAX00468911,B,B,B,B,B,B,B,A
UNCHS047039,A,A,A,A,A,B,B,B
UNCHS047040,B,B,B,B,B,B,A,B
JAX00468938,A,A,A,A,A,B,A,B
UNCHS047041,B,B,B,B,B,B,A,A
UNCHS047043,A,B,B,A,B,A,A,B
UNCHS047042,B,A,A,B,A,B,B,B
UNCHS047044,A,B,B,A,B,A,B,A
B6_rs30503185,B,A,B,B,B,B,B,B
JAX00468967,A,A,A,A,A,B,B,B
UNCHS047045,B,A,A,B,A,B,A,B
UNCHS047046,B,A,A,B,A,B,B,B
JAX00468987,A,A,A,A,A,A,B,A
UNC29827168,B,A,A,B,A,B,A,B
UNCHS047047,B,A,A,B,A,B,B,B
UNCHS047049,A,B,B,A,B,A,-,A
UNCHS047048,A,A,A,A,A,B,A,B
UNC29827681,A,A,A,A,A,B,A,A
UNCHS047051,B,B,B,B,B,A,B,A
UNC29828334,A,A,A,A,A,B,B,B
UNCHS047053,B,B,B,B,B,A,B,A
UNC29828976,A,B,B,A,B,B,B,B
UNC29829291,A,A,A,A,A,B,A,B
JAX00469050,A,A,A,A,A,A,B,A
JAX00469067,A,A,A,A,A,B,B,B
JAX00469069,A,A,A,A,A,B,A,A
JAX00469078,A,A,A,A,A,A,B,A
JAX00469082,A,A,A,A,A,B,B,A
UNC29830560,A,A,A,A,A,B,A,A
UNC29831148,B,B,B,B,B,A,A,A
UNCHS047055,A,A,A,A,A,B,B,A
UNCHS047057,B,A,A,B,A,A,A,A
UNCHS047056,A,A,A,A,A,B,B,A
UNCHS047058,B,B,B,B,B,A,A,B
JAX00469121,A,A,A,A,A,B,B,A
UNC29831860,A,B,B,A,B,A,A,A
UNCHS047059,A,B,B,A,B,A,A,A
UNCHS047060,B,B,B,B,B,A,A,B
UNCHS047062,A,A,A,A,A,B,B,B
UNCHS047063,A,A,A,A,A,B,B,B
UNCHS047064,A,B,B,A,B,B,B,A
UNCHS047065,B,A,A,B,A,B,B,B
UNCHS047066,B,A,A,B,A,A,A,B
UNC29832192,A,B,B,A,B,B,B,A
UNCHS047068,B,A,A,B,A,B,A,B
JAX00469154,B,B,B,B,B,A,B,B
UNCHS047069,B,A,A,B,A,A,A,B
UNCHS047070,A,A,A,A,A,B,B,A
UNC29832780,A,B,B,A,B,A,A,B
JAX00469178,B,B,B,B,B,B,B,A
JAX00469178r,B,B,B,B,B,B,B,A
UNCHS047072,B,A,A,B,A,A,A,A
UNCHS047073,A,A,A,A,A,B,B,A
UNCHS047074,B,B,B,B,B,A,A,A
UNC29834997,B,A,A,B,A,A,B,B
UNC29836189,A,B,B,A,B,B,A,B
UNCHS047076,A,A,A,A,A,B,B,A
JAX00469274,B,B,B,B,B,A,B,B
UNC29837897,A,B,B,A,B,A,A,A
UNCHS047077,B,A,A,B,A,A,A,A
UNCHS047078,A,A,A,A,A,B,B,A
UNCHS047079,B,A,A,B,A,B,B,B
UNCHS047080,B,A,A,B,A,B,A,B
UNC29839866,A,B,B,A,B,A,B,A
UNCHS047081,B,B,B,B,B,A,A,A
UNCHS047082,B,A,A,B,A,A,A,A
UNCHS047083,B,A,A,B,A,A,A,B
UNCHS047084,A,B,B,A,B,A,A,A
UNC29840729,A,B,B,A,B,A,A,B
UNC29841215,B,A,A,B,A,A,B,B
UNC29841737,A,B,B,A,B,B,A,A
JAX00469402,B,B,B,B,B,B,A,B
UNC29842600,A,B,B,A,B,B,B,A
UNCHS047085,A,B,B,A,B,B,B,B
UNCHS047086,A,B,B,A,B,A,A,A
UNC29843285,A,B,B,A,B,B,B,B
UNCHS047087,B,B,B,B,B,A,A,B
UNCHS047088,A,B,B,A,B,A,A,B
UNC29844952,A,B,B,A,B,B,A,A
UNCHS047089,B,B,B,B,B,A,A,B
UNCHS047090,A,B,B,A,B,A,A,A
UNC29845290,A,B,B,A,B,B,A,A
JAX00469473,B,B,B,B,B,B,A,B
UNCHS047091,B,A,A,B,A,-,B,B
UNCHS047092,A,A,A,A,A,B,B,A
UNCHS047093,B,A,A,B,A,A,B,B
JAX00469482,A,A,A,A,A,A,A,B
UNC29845938,B,A,A,B,A,B,B,B
JAX00469498,A,A,A,A,A,B,A,A
UNC29847184,B,B,B,B,B,A,A,A
UNC29847961,B,A,A,B,A,A,A,B
UNC29849578,A,B,B,A,B,B,B,A
JAX00469547,A,A,A,A,A,B,B,A
JAX00469562,B,A,A,B,A,B,B,A
UNC29851182,A,B,B,A,B,A,A,B
UNCHS047095,A,B,B,A,B,A,A,B
JAX00469573,B,B,B,B,B,B,A,B
JAX00469605,B,B,B,B,B,A,A,B
UNC29851894,A,A,A,A,A,A,B,B
UNCHS047097,B,B,B,B,B,A,A,B
UNCHS047098,B,B,B,B,B,A,A,B
UNC29852402,A,A,A,A,A,B,B,A
JAX00469629,A,A,A,A,A,B,A,A
JAX00469629r,A,A,A,A,A,B,A,A
UNC29853003,A,A,A,A,A,B,B,B
UNCHS047099,B,B,B,B,B,A,A,A
UNCHS047100,A,A,A,A,A,B,B,A
UNC29853576,A,A,A,A,A,B,B,B
UNCHS047101,B,B,B,B,B,A,A,B
UNCHS047102,B,B,B,B,B,A,B,A
UNCHS047103,A,A,A,A,A,B,A,B
UNCHS047104,B,B,B,B,B,A,A,A
JAX00469668,B,B,B,B,B,A,A,B
UNC29854243,A,B,B,B,B,B,B,B
UNCHS047105,A,A,A,A,A,B,B,A
JAX00469709,A,A,A,A,A,B,A,A
JAX00469709r,A,A,A,A,A,B,A,A
UNC29855562,B,B,B,B,B,A,B,A
UNCHS047106,B,B,B,B,B,A,B,A
UNC29855954,A,A,A,A,A,B,B,A
UNC29856661,B,B,B,B,B,A,A,A
UNC29857130,B,B,B,B,B,A,A,A
JAX00086581,A,A,A,A,A,B,A,A
UNCHS047107,B,B,B,B,B,A,A,A
UNC29857813,B,B,B,B,B,A,A,B
UNCHS047109,B,B,B,B,B,A,A,B
UNCHS047110,A,A,A,A,A,B,B,A
UNC29858472,B,B,B,B,B,A,B,B
UNC29859195,A,A,A,A,A,B,B,A
UNCHS047111,A,A,A,A,A,B,B,A
UNCHS047112,B,B,B,B,B,A,A,B
UNCHS047113,A,A,A,A,A,B,B,A
backupJAX00469786,B,B,B,B,B,A,A,A
JAX00469790,B,B,B,B,B,A,B,B
JAX00469791,A,A,A,A,A,B,B,A
UNCHS047115,A,A,A,A,A,B,B,A
UNCHS047116,A,A,A,A,A,B,-,B
UNCHS047117,A,A,A,A,A,B,B,B
JAX00469799,B,B,B,B,B,B,A,B
UNCHS047118,A,A,A,A,A,B,B,A
UNC29860444,B,B,B,B,B,A,A,A
UNC29861333,A,A,A,A,A,B,B,B
UNC29862012,B,B,B,B,B,A,B,A
UNCHS047119,A,A,A,A,A,B,B,B
UNCHS047120,B,B,B,B,B,A,A,B
JAX00469833,B,B,B,B,B,A,A,B
UNCHS047121,A,A,A,A,A,B,B,A
UNCHS047122,A,A,A,A,A,B,B,B
UNC29863583,B,B,B,B,B,A,A,A
JAX00469854,B,B,B,B,B,A,B,B
UNCHS047123,B,B,B,B,B,A,A,B
UNCHS047124,B,B,B,B,B,A,A,B
JAX00469860,A,A,A,A,A,B,B,A
JAX00469870,B,B,B,B,B,A,B,B
UNC29865458,B,B,B,B,B,A,A,B
UNC29865775,B,B,B,B,B,A,A,A
UNC29866051,B,B,B,B,B,A,A,A
UNC29866758,A,A,A,A,A,A,B,B
JAX00469933,B,B,B,B,B,B,B,A
JAX00086690,B,B,B,B,B,A,A,A
JAX00469943,B,B,B,B,B,A,B,B
UNC29867469,A,A,A,A,A,B,B,B
UNCHS047129,A,A,A,A,A,A,B,B
UNCHS047130,B,B,B,B,B,A,A,B
JAX00469957,B,B,B,B,B,B,A,B
UNC29868074,B,B,B,B,B,A,A,B
UNCHS047131,A,A,A,A,A,B,B,A
UNCHS047132,B,B,B,B,B,A,A,B
JAX00214284,B,B,B,B,B,A,A,B
UNC29868820,B,B,B,B,B,B,B,A
UNC29869053,B,B,B,B,B,A,B,B
UNC29869217,B,B,B,B,B,A,A,B
UNC29869483,A,A,A,A,A,B,B,A
UNC29869587,A,A,A,A,A,B,B,A
UNC29869670,B,B,B,B,B,A,B,B
UNC29869860,A,A,A,A,A,B,B,B
JAX00086716,A,B,B,B,B,A,A,A
UNC29870159,B,B,B,B,B,A,B,B
UNCHS047133,A,A,A,A,A,B,B,A
UNC29870238,B,A,A,A,A,B,B,B
UNCHS047134,A,B,B,B,B,A,A,A
UNC29870343,B,B,B,B,B,A,A,B
JAX00469992,B,B,B,B,B,B,A,B
UNC29870437,A,A,A,A,A,B,B,A
UNCHS047136,A,A,A,A,A,B,B,A
UNC29870591,B,B,B,B,B,A,A,B
UNC29870739,-,B,B,B,B,A,B,B
UNC29870891,A,B,B,B,B,B,B,B
UNCHS047137,A,A,A,A,A,B,B,A
UNC29870993,A,A,A,A,A,B,B,A
UNC29871077,B,A,A,A,A,B,B,B
UNC29871139,B,B,B,B,B,A,A,B
UNC29871202,B,B,B,B,B,A,B,B
UNC29871338,B,A,A,A,A,B,B,B
UNC29871593,B,A,A,A,A,B,B,B
UNCHS047139,A,B,B,B,B,B,A,A
UNCHS047140,B,B,B,B,B,A,A,B
UNC29872192,B,B,B,B,B,B,B,A
UNC29872760,A,B,B,B,B,A,A,A
JAX00470030,A,A,A,A,A,B,A,A
UNC29872947,B,B,B,B,B,A,A,B
UNC29873192,A,B,B,B,B,A,A,A
UNC29874718,A,B,B,B,B,B,A,A
UNC29875272,B,A,A,A,A,B,B,B
backupUNC190142636,A,B,B,B,B,A,A,A
UNC29875419,B,B,B,B,B,A,A,B
UNC29875605,A,A,A,A,A,B,B,A
UNC29875786,A,B,B,B,B,B,B,A
JAX00470089,B,B,B,B,B,B,A,B
JAX00470093,A,A,A,A,A,A,B,B
UNCHS047141,A,A,A,A,A,A,B,B
UNCHS047142,A,A,A,A,A,B,A,B
JAX00470100,B,B,B,B,B,A,A,B
UNC29876186,B,B,B,B,B,A,A,A
UNC29876581,A,B,B,B,B,A,B,B
UNC29876798,A,B,B,B,B,A,A,A
JAX00470113,B,B,B,B,B,A,B,B
UNC29877603,A,B,B,B,B,A,A,A
JAX00470130,B,A,A,A,A,B,A,B
JAX00470139,B,B,B,B,B,B,A,B
UNC29877980,B,A,A,A,A,B,A,B
JAX00086798,B,A,A,A,A,B,B,B
UNCHS047143,A,A,A,A,A,B,B,A
UNCHS047145,A,B,B,B,B,B,-,B
UNCHS047146,A,B,B,B,B,A,B,B
UNC29878754,A,B,B,B,B,A,A,B
UNC29879331,B,A,A,A,A,B,B,B
JAX00470180,B,A,A,A,A,B,A,B
UNC29879933,A,A,A,B,A,B,A,B
UNCHS047148,B,B,B,A,B,A,A,A
UNCHS047150,A,A,A,B,A,B,A,B
UNC29880316,A,A,A,B,A,B,B,B
UNC29880732,B,B,B,A,B,B,B,B
JAX00470212,B,B,B,A,B,A,A,A
UNC29881093,B,B,B,B,B,A,A,B
JAX00086820,A,B,B,B,B,A,A,B
JAX00086821,B,A,A,A,A,A,A,A
UNC29881497,B,A,A,A,A,A,B,A
UNCHS047151,B,A,A,A,A,B,B,A
JAX00470226,A,A,A,A,A,B,A,A
UNCHS047152,A,A,A,A,A,B,B,A
UNC29882074,A,B,B,A,B,B,B,A
UNC29882454,A,B,B,A,B,A,A,B
UNC29882760,B,B,B,A,B,B,B,B
JAX00470266,A,A,A,A,A,A,A,B
UNC29883391,A,B,B,A,B,B,A,A
JAX00086834,A,B,B,A,B,A,A,A
UNCHS047153,B,A,A,B,A,B,A,A
UNCHS047154,B,B,B,B,B,A,A,A
UNCHS047156,A,A,A,A,A,B,B,B
UNC29883931,B,B,B,B,B,A,A,A
UNCHS047157,A,A,A,A,A,B,B,A
UNC29884249,A,A,A,A,A,B,A,B
UNC29885105,B,B,B,B,B,A,A,B
UNC29885109,B,B,B,B,B,A,A,B
UNC29885129,A,A,A,A,A,B,B,A
UNC29885153,A,A,A,A,A,A,B,A
UNC29885159,B,B,B,B,B,B,A,B
UNC29885182,B,A,A,B,A,A,A,B
UNC29885197,B,B,B,B,B,A,B,B
UNC29885209,B,A,A,B,A,B,B,B
UNCHS047159,B,B,B,B,B,A,A,B
UNC29885337,A,B,B,B,B,A,A,B
JAX00470322,-,A,A,A,A,B,B,A
UNC29885525,B,A,A,A,A,B,B,B
UNC29885773,B,B,B,B,B,A,B,B
UNCHS047161,A,A,A,A,A,B,B,A
UNCHS047162,B,A,A,A,A,B,B,B
JAX00086849,A,A,A,A,A,B,B,A
UNC29885979,B,B,B,B,B,A,A,B
UNC29886257,A,B,B,B,B,A,A,A
UNC29886490,A,A,A,A,A,B,B,B
UNC29887070,A,B,B,B,B,B,A,B
UNCHS047163,B,A,A,A,A,B,A,A
UNCHS047164,B,B,B,B,B,A,A,B
UNC29887516,B,A,A,A,A,B,B,A
UNC29887867,A,A,A,A,A,B,B,A
UNCHS047165,A,A,A,A,A,B,B,A
UNCHS047166,A,A,A,A,A,B,B,A
UNC29888106,A,A,A,A,A,B,A,A
UNC29888249,A,A,A,A,A,B,B,B
UNC29888412,B,B,B,B,B,A,A,B
UNC29888703,B,B,B,B,B,A,A,A
UNCHS047167,B,B,B,B,B,A,A,B
UNC29888902,B,A,A,A,A,A,A,A
UNC29889206,A,B,B,B,B,B,A,A
JAX00470430,B,B,B,B,B,B,B,A
UNC29889577,A,B,B,B,B,A,A,A
backupJAX00470445,B,A,A,A,A,B,B,B
UNC29890663,A,B,B,B,B,A,B,B
UNCHS047169,A,B,B,B,B,A,B,B
UNCHS047170,B,B,B,B,B,A,A,A
UNC29890790,B,B,B,B,B,A,B,B
UNC29891116,B,B,B,B,B,A,A,B
UNC29891263,A,A,A,A,A,A,A,B
UNCHS047171,B,B,B,B,B,A,A,B
UNCHS047172,B,B,B,B,B,A,A,B
UNCHS047173,B,B,B,B,B,A,A,B
UNC29891670,B,A,A,A,A,B,A,B
UNC29891994,B,A,A,A,A,B,B,A
JAX00470472,A,A,A,A,A,A,B,A
UNC29892146,A,B,B,B,B,A,A,B
UNCHS047176,A,B,B,B,B,B,B,A
UNC29892502,B,B,B,B,B,A,B,B
UNC29892845,A,B,B,B,B,A,A,A
UNC29893228,A,A,A,B,A,B,B,A
UNC29893273,A,B,B,B,B,A,A,B
UNCHS047177,B,B,B,A,B,B,A,B
UNCHS047178,A,B,B,A,B,B,B,A
JAX00470506,A,A,A,A,A,B,B,B
UNC29893945,A,B,B,A,B,B,B,A
UNC29894001,B,B,B,B,B,A,A,A
UNC29894668,A,A,A,A,A,B,B,A
UNC29895024,A,A,A,A,A,B,B,B
UNCHS047179,A,A,A,A,A,B,B,B
JAX00470558,B,B,B,B,B,A,B,B
JAX00086907,A,B,B,A,B,B,B,A
JAX00470571,A,A,A,A,A,A,B,A
JAX00086915,A,B,B,A,B,B,A,A
UNCHS047181,A,B,B,A,B,A,A,B
UNCHS047182,B,A,A,B,A,A,A,A
UNC29898159,A,B,B,A,B,A,A,B
UNCHS047183,B,B,B,B,B,A,A,A
UNCHS047184,A,B,B,A,B,A,A,A
JAX00470649,A,A,A,A,A,B,A,A
JAX00470651,A,B,B,A,B,B,B,A
UNC29899468,B,A,A,B,A,B,A,B
UNCHS047185,B,A,A,B,A,A,B,A
UNCHS046554,A,A,A,A,A,B,B,-
JAX00470703,B,A,A,B,A,B,A,A
JAX00470711,A,A,A,A,A,B,B,A
JAX00470713,A,A,A,A,A,A,B,A
UNC29902290,B,A,A,B,A,A,B,B
JAX00086942,A,B,B,A,B,A,A,B
UNC29903693,B,A,A,B,A,B,B,B
JAX00470771,A,A,A,A,A,B,A,A
JAX00470772,B,B,B,B,B,B,A,B
UNC29905027,A,A,A,A,A,B,B,B
UNCHS047187,-,A,A,-,A,B,B,A
JAX00470781,-,B,B,-,B,A,A,B
UNC29907130,B,A,A,B,A,A,B,B
JAX00470812,A,A,A,A,A,B,A,A
UNC29908079,B,A,A,B,A,A,B,B
UNCHS047189,A,B,B,A,B,B,A,B
UNCHS047190,A,A,A,A,A,B,B,A
JAX00470860,B,B,B,B,B,B,B,A
UNCHS047192,B,A,A,B,A,A,A,A
JAX00470887,A,A,A,A,A,B,A,A
UNC29909826,A,B,B,A,B,A,A,B
UNCHS047193,B,A,A,B,A,A,A,A
UNCHS047194,B,B,B,B,B,A,A,B
UNC29911918,A,B,B,A,B,B,B,B
JAX00087002,A,A,A,A,A,B,B,A
UNCHS047195,B,B,B,B,B,A,A,B
UNCHS047196,A,A,A,A,A,B,B,A
JAX00470945,B,B,B,B,B,A,A,B
JAX00214366,B,B,B,B,B,A,A,B
JAX00470959,A,A,A,A,A,A,A,B
UNC29912474,A,B,B,A,B,A,B,A
UNCHS047197,A,B,B,A,B,A,B,A
UNCHS047198,B,B,B,B,B,A,A,B
UNCHS047199,A,A,A,A,A,B,A,B
UNCHS047200,B,B,B,B,B,A,A,B
JAX00470984,A,A,A,A,A,A,B,A
JAX00470995,B,B,B,B,B,A,B,B
UNC29914887,A,A,A,A,A,B,B,B
UNC29916571,B,B,B,B,B,B,A,A
JAX00214380,A,A,A,A,A,A,B,A
UNC29917420,A,B,B,A,B,B,B,B
UNCHS047201,B,B,B,B,B,-,A,A
UNCHS047202,B,B,B,B,B,A,A,A
JAX00471049,B,B,B,B,B,A,B,B
UNC29919321,B,B,B,B,B,A,A,B
JAX00471088,B,B,B,B,B,A,B,B
UNC29922359,B,B,B,B,B,A,B,A
JAX00471117,B,B,B,B,B,B,A,B
backupJAX00471123,A,A,A,A,A,B,B,B
UNC29924973,B,B,B,B,B,A,A,B
JAX00087090,B,B,B,B,B,A,B,B
UNC29926482,A,A,A,A,A,B,B,B
UNCHS047205,A,A,A,A,A,B,B,A
UNCHS047206,B,B,B,B,B,A,B,A
UNC29928057,B,B,B,B,B,A,A,A
JAX00471197,B,B,B,B,B,A,B,B
JAX00087108,A,A,A,A,A,A,A,B
ICR4986,A,A,A,A,A,B,B,B
UNCHS047207,B,B,B,B,B,B,A,A
UNC29928949,A,A,A,A,A,A,B,B
UNCHS047208,A,A,A,A,A,B,B,A
UNC29930708,A,A,A,A,A,B,B,B
UNCHS047209,A,A,A,A,A,B,B,A
UNCHS047210,B,B,B,B,B,A,A,B
UNC29931917,B,B,B,B,B,A,A,B
JAX00471302,B,B,B,B,B,A,B,B
UNCHS047212,A,A,A,A,A,B,B,A
UNC29932950,B,B,B,B,B,A,A,A
JAX00471319,A,A,A,A,A,A,B,A
JAX00471333,B,B,B,B,B,A,A,A
JAX00087144,B,B,B,B,B,A,A,A
UNC29934392,A,A,A,A,A,B,B,B
JAX00471368,A,A,A,A,A,A,B,A
UNC29936159,B,B,B,B,B,-,B,A
JAX00471402,A,A,A,A,A,B,B,B
UNCHS047213,B,B,B,B,B,A,A,B
UNC29937035,B,B,B,B,B,A,A,B
UNCHS047215,A,A,A,A,A,B,B,A
UNCHS047216,A,A,A,A,A,B,B,B
JAX00471425,A,A,A,A,A,B,B,B
UNCHS047217,A,A,A,A,A,B,B,A
UNCHS047218,B,B,B,B,B,A,B,A
UNC29937544,B,B,B,B,B,A,A,A
UNC29937819,B,B,B,B,B,A,A,A
UNC29938361,B,B,B,B,B,A,A,A
UNCHS047220,B,B,B,B,B,A,A,A
UNC29938807,B,B,B,B,B,A,B,A
UNC29939243,A,A,A,A,A,B,B,A
UNCHS047221,A,A,A,A,A,B,B,A
UNCHS047222,B,B,B,B,B,A,A,B
UNC29939434,B,A,A,B,A,B,B,B
UNC29939979,A,A,A,A,A,B,B,B
UNCHS047223,A,A,A,A,A,B,B,A
UNC29940387,A,A,A,A,A,B,B,B
JAX00471493,B,B,B,B,B,B,A,B
UNC29941057,A,A,A,A,A,B,A,B
UNCHS047225,A,A,A,A,A,B,B,A
UNCHS047226,B,B,B,B,B,B,A,A
UNC29941286,B,B,B,B,B,A,A,B
UNC29941521,A,A,A,A,A,B,B,B
UNC29941863,A,A,A,A,A,B,B,B
JAX00471535,B,B,B,B,B,A,B,B
UNC29942382,B,A,A,B,A,A,A,B
UNC29942477,A,B,B,A,B,B,A,A
backupUNC190150199,B,A,A,B,A,B,A,B
UNC29943742,B,B,B,B,B,B,B,A
JAX00471573,A,A,A,A,A,B,B,A
UNC29944287,B,A,A,B,A,A,A,B
JAX00471594,B,B,B,B,B,B,A,B
UNC29945134,A,B,B,A,B,B,B,A
UNC29945522,B,A,A,B,A,A,B,B
UNCHS047227,A,B,B,A,B,B,B,A
UNC29946099,B,B,B,B,B,A,A,A
UNC29946550,B,B,B,A,B,A,A,A
UNC29946873,A,A,A,B,A,B,A,A
UNC29947208,A,A,A,B,A,A,B,A
UNC29947593,A,A,A,B,A,B,B,A
UNCHS047229,B,B,B,B,B,A,A,B
UNCHS047230,A,A,A,B,A,A,B,A
UNC29948342,A,B,B,A,B,B,B,B
B6_rs30616566,A,B,A,A,A,A,A,A
UNC29949105,A,A,A,A,A,B,A,B
UNC29949215,A,B,B,B,B,A,A,B
JAX00471684,B,B,B,B,B,A,B,B
UNC29949622,B,A,A,A,A,B,B,B
UNC29950329,A,A,A,A,A,B,B,A
JAX00471714,B,B,B,A,B,B,A,B
UNC29951090,B,B,B,A,B,A,B,B
JAX00471717,B,B,B,A,B,A,A,B
UNC29951460,A,A,A,B,A,B,B,A
UNCHS047232,B,B,B,B,B,A,B,A
UNC29952194,A,A,A,A,A,B,A,B
JAX00087243,B,B,B,A,B,B,B,B
UNC29953093,A,B,B,B,B,B,B,B
UNCHS047233,A,A,A,B,A,B,A,B
UNCHS047234,A,A,A,A,A,B,B,A
UNC29953665,B,B,B,A,B,B,B,A
UNC29954046,B,A,A,B,B,B,B,B
JAX00087252,A,A,A,B,A,B,B,A
JAX00471766,A,A,A,B,A,B,B,A
UNCHS047235,B,B,B,A,B,A,A,B
UNC190219180,B,B,B,A,B,A,A,B
UNCHS047236,A,A,A,A,A,B,B,A
UNC29954828,B,A,A,B,A,A,A,B
JAX00087260,B,A,A,A,A,B,B,B
UNCHS047237,B,A,A,A,A,A,A,B
UNCHS047238,B,B,B,B,B,A,A,B
UNCHS047239,A,B,B,A,A,A,A,A
UNCHS047240,A,A,A,A,A,B,B,A
UNC29955868,A,B,B,B,A,B,B,B
UNC29956097,A,B,B,B,A,A,A,B
JAX00471802,B,B,B,B,B,A,B,B
UNC29956737,A,B,B,B,A,A,A,B
UNCHS047242,A,B,B,B,A,A,A,B
UNCHS047243,A,A,A,A,A,B,B,A
UNCHS047244,B,A,A,A,B,B,B,A
UNCHS047245,A,A,A,A,A,B,B,A
UNCHS047246,B,A,A,A,B,A,B,A
UNC29957779,B,A,A,A,B,B,B,A
UNC29958374,A,A,A,B,A,B,B,A
UNCHS047247,B,B,B,B,B,A,A,B
UNCHS047248,B,B,B,B,B,A,B,B
UNC29959158,A,B,B,A,A,A,A,B
UNCHS047249,B,B,B,B,B,A,A,B
UNC29959263,A,B,B,A,B,B,A,A
UNCHS047252,A,A,A,A,B,B,-,A
UNC29959891,A,A,A,A,B,B,B,B
UNCHS047253,B,B,B,B,A,B,A,B
UNCHS047254,B,B,B,B,B,A,A,B
JAX00087284,B,B,B,B,B,A,B,B
UNC29960639,A,B,B,A,A,B,A,A
JAX00087286,B,A,A,B,B,B,B,B
UNC29960872,B,A,A,B,B,A,A,B
UNCHS047255,A,A,A,A,A,B,B,A
UNCHS047256,A,A,A,A,A,B,B,A
UNC29961581,B,B,B,B,B,A,A,B
UNC29961782,B,A,A,B,B,B,B,B
JAX00471909,A,A,A,A,A,B,A,A
UNC29962120,B,B,B,A,B,B,B,B
UNC29962412,A,A,A,A,A,B,A,A
UNC29962820,A,A,A,A,A,B,B,A
UNCHS047258,A,A,A,A,A,B,B,A
UNCHS047261,A,A,A,A,A,B,B,A
UNCHS047262,B,B,B,B,B,A,A,B
UNC29963455,B,A,B,A,A,A,A,A
UNC29963672,A,B,A,A,B,A,A,A
JAX00087302,A,A,A,B,A,B,B,A
UNCHS047264,B,B,B,B,B,A,A,B
UNCHS047265,A,B,A,B,A,A,A,A
UNC29964775,B,A,B,A,A,B,A,B
UNCHS047267,B,A,B,A,A,B,A,B
UNCHS047268,B,A,B,B,A,A,A,A
UNC29965246,A,A,A,A,A,A,B,B
JAX00471977,A,B,A,A,B,B,B,B
UNC29965991,B,B,B,B,B,A,A,B
JAX00471997,B,B,B,B,B,B,A,B
UNC29967020,B,B,B,B,A,B,A,A
UNC29967755,B,B,B,B,B,B,B,A
UNC29968044,B,B,A,B,B,B,A,B
UNC29968746,B,B,B,B,B,A,A,B
UNCHS047269,B,B,B,B,B,A,A,B
UNCHS047270,A,A,B,A,A,B,B,A
UNC29969287,A,B,B,A,A,B,B,B
UNCHS047271,A,A,-,A,A,B,-,A
UNCHS047272,A,B,A,A,A,B,A,A
UNCHS047274,A,A,B,A,A,A,B,A
UNC29970734,B,B,A,B,B,A,A,B
UNCHS047276,B,A,B,B,B,B,B,B
UNC29971338,A,B,-,A,A,A,B,B
UNC29972530,A,B,B,A,A,B,A,A
UNC29973573,B,A,A,B,B,B,A,B
UNC29974085,A,B,B,A,A,B,B,B
UNC29975168,B,A,B,B,B,A,A,B
JAX00472093,B,A,B,B,B,A,A,B
UNCHS047277,A,A,A,A,A,B,B,A
UNC29975528,B,B,B,A,B,A,B,B
UNCHS047278,B,B,B,A,B,A,B,B
UNCHS047279,A,A,A,B,A,B,A,A
UNC29976303,B,B,B,A,B,A,A,B
UNCHS047281,A,A,A,A,A,-,B,B
UNC29976876,B,B,B,B,B,A,A,A
UNCHS047282,B,B,B,B,B,A,A,B
UNC29977806,A,B,A,B,A,B,B,A
UNCHS047283,B,A,B,B,B,A,B,B
UNCHS047284,B,B,B,B,B,A,A,B
UNC29978163,B,B,A,B,B,A,B,B
UNC29978405,A,A,A,B,B,B,A,B
UNCHS047285,B,B,A,A,A,A,B,B
UNCHS047286,B,B,B,A,A,B,B,B
UNC29979011,A,A,A,A,A,A,A,B
JAX00724507,A,A,B,B,B,A,A,B
UNCHS047287,B,B,A,B,B,B,B,A
UNCHS047288,B,B,A,A,A,-,A,A
UNC29979375,B,B,A,A,A,B,A,A
UNC29979813,B,B,A,A,A,A,B,A
UNC29980198,B,B,A,A,A,A,A,A
JAX00087368,B,B,A,A,A,B,B,B
UNCHS047290,B,B,B,B,B,A,A,A
UNC29980781,A,A,A,B,B,A,A,A
UNC29981183,B,B,A,A,A,A,B,B
JAX00472188,B,B,A,A,A,B,B,B
UNC29981886,B,B,A,A,A,B,B,A
JAX00472209,B,B,A,A,A,A,A,A
UNC29982619,A,A,A,B,B,B,A,B
UNC29982703,A,A,A,B,B,A,B,B
UNCHS047291,A,A,A,A,A,B,B,A
UNCHS047292,A,A,B,B,B,B,B,B
UNC29983221,B,B,A,A,A,B,A,A
UNCHS047293,A,A,A,A,A,A,B,A
UNCHS047295,B,B,B,A,A,B,A,B
UNC29984777,A,A,A,B,B,A,A,A
JAX00087390,B,B,B,A,A,A,A,B
UNC29986094,B,B,A,B,B,A,A,A
UNC29986400,A,A,B,A,A,A,B,B
UNC29986740,A,A,A,B,B,B,B,A
UNC29986867,A,A,B,A,A,A,A,A
UNC29987246,A,A,A,B,B,B,A,A
UNC29987431,B,B,A,B,B,A,A,A
UNC29987683,B,B,A,A,A,B,B,A
UNC29987937,A,A,B,B,B,B,A,B
UNC29988128,A,A,B,A,A,B,B,B
UNC29988232,B,B,B,A,A,A,A,A
UNC29988545,B,A,B,B,B,B,B,B
UNC29988765,A,A,A,A,A,B,A,A
UNC29989167,B,A,A,B,B,A,A,A
UNCHS047297,A,B,A,A,A,B,A,A
UNCHS047298,B,A,B,B,B,B,A,A
UNC29989401,A,A,A,A,A,B,B,A
UNCHS047299,B,B,B,B,B,A,A,A
UNCHS047300,A,B,A,A,A,A,A,A
UNC29989459,B,A,B,B,B,A,B,B
UNC29989593,B,B,B,B,B,B,A,B
UNC29989796,A,B,A,A,A,B,B,B
UNC29989895,A,A,A,A,A,B,A,B
UNCHS047301,B,A,B,B,B,A,A,A
UNC29990033,B,A,B,B,A,A,A,B
UNC29990134,B,B,B,B,A,B,B,B
UNC29990261,B,B,B,B,A,A,A,B
UNC29990402,A,A,B,A,A,B,A,A
UNC29990641,A,B,B,A,B,B,B,A
UNC29990937,B,A,B,B,B,B,B,A
UNC29991125,B,B,B,B,A,B,B,B
UNC29991297,B,B,B,B,A,A,A,B
UNCHS047303,B,B,B,B,A,A,A,B
UNCHS047304,A,A,B,A,A,B,A,A
UNC29991449,A,A,B,A,A,B,A,A
UNC29992102,A,B,A,A,A,A,A,A
JAX00472418,A,A,A,A,B,A,A,A
JAX00472419,A,A,A,A,A,B,A,A
UNC29993459,B,B,B,B,A,A,B,B
UNC29994726,A,A,B,A,B,A,B,A
UNCHS047306,B,B,B,B,A,A,A,B
UNCHS047307,A,B,B,A,B,A,B,A
UNCHS047308,B,B,B,B,B,A,A,B
UNC29995760,B,A,A,B,B,A,B,A
UNC29996617,B,A,B,B,A,A,A,B
JAX00087444,A,B,A,A,A,A,A,A
UNC29997895,A,A,A,A,A,B,B,A
JAX00472514,A,A,A,A,A,B,A,A
UNC29999296,B,B,A,B,A,A,A,B
UNC30000038,A,B,A,A,B,B,B,B
UNC30000910,A,A,B,A,A,B,A,B
UNCHS047309,B,B,B,B,A,B,A,B
UNCHS047310,B,B,B,B,A,A,A,B
UNC30001791,A,B,A,B,A,A,A,A
JAX00472585,A,A,A,A,A,B,A,A
UNC30002902,B,B,B,B,B,A,A,B
UNC30004268,B,B,A,B,B,B,B,B
UNC30005204,A,B,B,B,A,A,A,B
JAX00472626,A,A,A,A,B,A,B,A
JAX00472638,B,B,B,B,B,A,B,B
UNC30006733,B,A,A,B,A,B,A,A
UNC30008575,B,A,A,B,B,A,B,A
JAX00472696,A,A,A,A,B,B,B,A
UNC30011308,A,B,B,B,A,B,A,B
JAX00472701,A,A,A,A,A,B,A,A
UNC30014063,B,B,A,A,A,A,A,A
UNCHS047311,B,B,A,A,B,B,B,A
UNCHS047312,B,A,B,A,B,B,B,A
UNC30015695,A,B,B,B,A,A,B,B
JAX00472764,A,A,A,A,A,B,A,A
UNCHS047313,A,A,B,A,B,A,A,A
UNCHS047314,B,B,A,B,A,A,A,B
UNC30016856,B,A,B,A,A,B,B,B
UNC30018487,B,A,B,B,A,B,A,B
JAX00472813,A,A,A,A,A,A,B,A
UNCHS047315,A,B,A,A,A,A,A,A
UNCHS047316,A,B,A,B,B,B,B,A
UNC30019704,B,B,A,B,A,A,A,B
UNC30022738,A,A,A,B,A,A,B,B
UNC30023004,B,B,B,B,A,A,B,A
JAX00472893,B,B,A,B,B,B,B,B
UNC30025262,A,B,B,B,B,B,B,A
JAX00472922,B,B,B,B,A,B,B,B
UNC30026456,A,A,B,A,A,B,B,A
UNC30027347,B,A,B,B,A,A,A,B
UNC30028496,A,A,A,B,B,B,B,B
JAX00087590,A,A,B,A,A,A,A,A
JAX00087590q,A,A,B,A,A,A,A,A
UNC30029578,B,A,B,A,B,A,B,A
UNC30030595,B,B,B,B,A,B,A,A
UNC30031959,B,A,A,A,A,A,B,B
UNC_rs48616694,A,B,B,B,B,A,B,A
UNCHS047318,B,B,B,B,A,B,A,B
UNCHS047319,B,B,B,B,A,B,A,B
UNCHS047320,B,B,B,B,A,A,A,B
UNC30034091,A,A,B,A,A,-,A,A
JAX00473009,B,B,B,B,B,B,B,A
UNC30034523,A,B,A,A,A,A,A,A
JAX00473033,B,B,B,B,A,B,A,B
UNC30036431,A,A,A,A,B,B,A,A
UNC30037239,A,A,A,A,B,A,B,B
JAX00473057,B,B,B,B,B,B,A,B
UNC30038296,B,B,B,B,B,A,A,B
UNCHS047321,B,B,B,B,B,B,A,A
UNCHS047322,A,A,A,A,B,A,B,A
UNC30040019,A,B,B,B,B,B,B,B
UNCHS047323,A,A,A,A,B,B,B,A
UNCHS047324,B,B,B,B,A,-,A,B
UNCHS047325,B,B,B,B,B,A,A,B
UNCHS047327,A,A,A,A,B,B,B,A
UNCHS047328,B,A,A,B,B,B,A,A
UNCHS047329,A,A,A,A,B,A,B,A
UNC30041866,A,A,B,B,B,B,B,A
UNC30042645,A,B,A,B,B,B,B,A
UNC30043994,A,A,A,A,A,B,B,A
UNCHS047332,B,B,B,B,A,B,A,B
UNCHS047333,A,B,A,B,B,B,B,A
UNCHS047334,B,B,B,B,A,A,A,A
JAX00473171,B,B,B,B,B,A,B,B
UNC30047104,A,A,A,B,A,A,A,B
UNC30047816,B,B,A,B,A,A,A,A
UNCHS047335,A,A,A,A,B,B,B,A
UNCHS047336,B,B,B,B,B,B,B,A
UNC30048931,B,B,B,B,A,A,B,B
UNC30050142,B,A,B,A,A,A,A,B
UNC30050953,B,B,A,A,B,A,B,A
UNCHS047337,B,B,B,A,A,A,A,A
UNCHS047338,B,B,B,B,A,B,A,B
UNC30053031,A,B,A,A,B,B,B,B
UNCHS047339,B,A,B,B,B,A,B,A
UNCHS047340,A,A,A,A,B,B,B,A
UNCHS047342,A,B,A,A,A,B,A,A
UNCHS047344,B,B,A,A,B,B,B,B
UNC30055933,B,A,B,B,A,B,A,A
UNC30058067,A,B,B,B,A,A,B,B
UNC30058439,A,A,A,A,A,B,A,B
UNC30059107,B,B,A,A,A,B,A,A
UNC30059190,B,B,A,B,A,A,A,A
UNCHS047345,B,B,A,B,B,B,B,A
UNCHS047346,A,B,A,B,B,B,B,B
UNC30059483,B,B,B,B,A,B,B,B
UNC30059742,B,A,B,A,B,B,B,A
UNC30059880,A,B,A,A,B,A,B,B
UNC30060151,B,B,B,A,A,A,A,A
UNC30060418,B,B,B,A,B,A,A,B
UNC30060698,A,A,A,A,B,A,B,A
UNC30060865,A,A,A,A,B,B,B,A
UNC30061160,A,B,A,B,A,B,B,B
UNC30061553,B,A,B,A,A,A,A,A
UNC30061755,A,A,A,A,B,B,B,A
UNCHS047348,B,A,B,A,A,A,A,A
UNC30062259,A,A,A,A,B,B,B,A
UNC30062476,B,A,B,A,B,A,B,A
UNC30062611,A,B,A,B,A,A,A,B
UNC30062740,A,A,A,A,B,A,A,A
UNC30062848,A,B,A,B,A,B,A,B
UNC30063108,B,A,B,A,A,B,A,A
UNC30063356,B,A,B,A,B,B,B,B
UNCHS047349,A,B,A,B,A,A,A,A
UNC30063476,A,A,B,B,A,A,A,B
UNCHS047350,A,A,B,B,A,A,A,B
UNC30063500,B,B,B,B,A,B,-,B
UNC30063721,B,A,B,B,B,A,B,A
UNC30063842,A,A,A,A,B,B,B,A
UNC30064187,B,B,B,B,A,A,A,A
UNC30064318,B,A,B,B,B,B,B,A
UNC30064552,B,B,B,B,B,A,B,B
UNC30064692,B,B,B,B,A,B,B,B
UNC30064886,A,B,A,A,B,B,B,B
UNC30065348,B,A,A,B,B,B,B,A
UNC30065671,A,A,A,A,A,A,B,A
UNC30066092,B,B,B,B,B,A,B,A
UNC30066270,B,A,B,B,A,A,A,B
UNC30066440,B,B,B,B,A,B,B,B
UNC30066455,A,A,A,A,A,B,A,A
UNC30066521,B,B,B,B,A,A,A,B
UNC30066540,B,A,B,B,A,A,A,A
UNC30066561,B,A,B,B,B,B,B,A
UNC30066607,A,A,A,A,B,A,B,A
UNC30066642,B,B,B,B,A,A,B,B
UNC30066672,B,B,B,B,A,A,A,B
UNC30066709,A,A,A,A,B,B,B,A
UNC30066724,A,B,A,A,B,B,B,B
UNC30066749,B,A,B,B,A,A,A,A
UNC30066767,B,A,B,B,A,A,A,A
UNC30066797,B,A,B,B,A,A,A,A
UNC30066843,A,A,A,A,B,B,B,A
UNC30066875,B,A,B,B,A,A,A,A
UNC30066899,B,A,B,B,A,A,A,A
UNC30066936,A,A,A,A,B,B,B,A
UNC30066970,A,A,A,A,B,B,B,A
UNC30066989,A,B,A,A,A,A,A,B
UNCHS047351,A,B,A,A,B,B,B,B
UNC30067012,B,B,B,B,A,A,A,B
UNC30067042,A,A,A,B,B,B,B,A
UNCHS047352,B,B,B,B,A,A,A,B
UNC30067256,B,B,A,B,A,B,A,B
UNC30067657,A,A,B,A,A,B,A,B
UNCHS047353,A,A,A,A,B,A,A,A
UNCHS047355,B,B,B,B,A,B,A,B
UNC30067939,A,B,A,B,A,A,B,A
UNCHS047356,A,B,A,B,A,A,B,A
UNC30068300,A,B,A,A,B,A,A,A
UNC30068568,B,A,B,B,A,B,A,A
JAX00473523,B,A,B,B,A,B,A,A
UNC30069000,B,B,B,B,B,A,B,B
UNC30069398,B,A,B,B,B,B,B,A
JAX00087756,A,A,A,A,B,A,A,A
UNC30069852,A,A,A,B,B,B,B,B
UNC30070164,A,A,A,A,B,A,A,A
UNCHS047359,B,B,B,A,B,A,B,A
UNC30070776,B,B,B,A,B,A,B,B
UNCHS047360,A,A,A,B,B,B,B,A
JAX00473554,A,A,A,A,B,A,A,A
UNC30071226,A,A,A,A,B,B,B,A
UNCHS047361,A,A,A,A,A,B,B,B
UNCHS047362,A,A,A,A,B,A,B,A
UNC30071922,A,A,A,A,B,B,B,B
UNC30072077,A,A,A,A,B,B,A,A
UNC30073684,A,B,B,A,B,A,B,B
UNCHS047363,A,A,A,A,B,A,B,A
UNCHS047364,B,A,A,A,A,B,A,A
UNCHS047365,A,A,A,B,A,A,A,B
UNC30073846,B,B,B,A,A,B,A,A
UNC30074481,A,B,B,A,A,B,A,B
UNCHS047367,B,A,A,B,A,A,A,B
UNCHS047368,A,A,A,A,B,A,B,A
UNCHS047369,A,A,A,A,B,B,B,A
UNCHS047370,A,A,A,B,A,A,A,A
UNC30075310,B,B,B,B,B,A,B,B
UNC30075530,B,B,B,A,A,A,A,A
UNC30075931,A,A,A,A,B,B,B,A
UNC30076257,B,B,A,B,A,A,A,A
UNCHS047371,A,A,A,A,A,B,A,B
UNCHS047372,A,A,A,A,B,A,B,B
UNCHS047373,B,B,B,B,A,B,A,B
UNC30076859,A,B,B,B,B,B,A,B
UNCHS047374,A,B,B,B,B,B,A,B
UNCHS047375,A,A,A,A,B,B,B,A
UNCHS047376,B,B,B,B,B,A,B,A
UNC30077035,A,B,B,A,A,B,A,B
UNCHS047377,A,A,A,A,B,B,B,A
UNC30077480,A,A,A,A,B,A,B,B
UNC30078218,B,B,B,B,A,A,A,B
JAX00087803,B,B,B,B,A,B,B,B
UNC30078738,B,A,B,A,A,A,A,A
UNC30079282,A,A,A,A,B,A,A,A
UNC30079595,A,A,B,B,A,B,A,B
UNC30079939,B,B,A,A,A,A,A,B
UNC30080726,A,A,A,A,A,B,A,A
UNC30081265,A,B,B,A,A,A,A,B
UNC30081443,A,A,A,B,A,B,B,B
UNC30082027,A,A,A,A,B,A,B,B
UNCHS047380,A,A,A,A,B,A,B,A
UNC30082444,B,A,B,A,A,A,A,B
UNC30082900,B,A,A,A,B,B,B,B
UNC30083200,A,A,A,A,A,B,B,A
UNCHS047381,A,A,A,A,B,A,B,A
UNCHS047382,B,B,B,B,B,A,A,B
UNC30084504,B,B,A,B,B,A,B,B
UNC30084655,A,A,B,A,B,B,B,B
UNC30085531,A,A,A,B,B,A,A,A
UNC30085927,B,B,B,A,A,A,A,B
UNCHS047383,B,B,B,A,A,A,A,B
UNCHS047384,A,B,B,B,B,A,A,B
UNC30086534,A,B,B,B,B,A,B,B
UNC30087193,B,A,A,B,B,B,B,A
UNC30087701,A,B,B,A,A,A,A,A
UNC30088360,B,B,B,A,A,A,B,A
UNC30088468,B,B,B,A,A,B,B,A
backupUNC190160608,B,A,A,B,B,A,A,A
UNCHS047385,B,A,A,B,B,A,B,A
UNCHS047386,B,B,B,B,B,A,A,B
UNC30089534,A,A,A,B,B,A,A,A
UNC30090430,A,B,B,B,B,A,A,A
UNC30091044,B,B,B,B,B,A,B,A
UNC30091384,B,B,B,B,B,A,A,B
UNC30091927,B,B,B,B,B,A,A,A
UNC30092679,B,B,B,A,A,B,A,A
UNC30092955,B,A,A,B,B,A,A,B
UNC30093443,B,B,B,A,A,B,B,B
UNCHS047387,A,A,A,A,A,B,A,A
UNCHS047388,B,B,B,A,A,A,B,A
UNC30094417,B,B,B,A,B,B,B,A
UNCHS047389,B,B,B,A,B,A,-,A
UNC30094591,A,B,B,A,A,A,A,A
UNCHS047390,B,A,A,B,A,A,A,B
UNCHS047392,A,A,A,B,A,B,B,A
UNC30095890,A,B,B,A,B,A,B,A
UNC30096312,A,A,A,B,A,B,B,B
UNCHS047394,B,A,A,B,A,A,A,B
UNC30097327,A,B,B,A,B,B,B,A
UNC30097665,A,A,A,B,A,A,A,A
UNC30098100,A,B,B,B,B,A,A,B
UNC30098828,A,B,B,B,B,A,A,A
UNCHS047396,B,B,B,A,B,A,A,A
UNC30099221,A,A,A,B,A,A,B,A
UNCHS047397,B,B,B,A,B,A,B,B
UNCHS047398,B,B,B,B,B,A,A,B
UNC30099465,A,A,A,B,A,B,A,A
UNC30100148,B,B,B,A,B,A,A,A
UNC30100604,A,A,A,B,A,B,B,B
UNCHS047399,A,A,A,B,A,B,B,A
UNCHS047400,B,A,A,A,A,B,B,A
UNCHS047401,B,B,B,A,B,A,B,A
UNC30101148,B,A,A,A,A,A,A,B
UNC30101693,B,A,A,A,A,B,A,A
UNC30102034,A,B,B,B,B,A,A,A
JAX00474154,B,B,B,B,B,B,A,B
UNC30103065,B,A,A,A,A,B,B,B
UNC30103151,A,B,B,B,B,B,A,A
UNC30104199,A,B,B,B,B,B,B,A
UNC30106027,B,A,A,A,A,A,B,B
UNC30106304,A,B,B,B,B,A,A,B
UNC30106772,B,B,B,B,B,A,A,A
UNC30107261,B,B,B,B,B,A,A,B
UNCHS047403,B,A,A,A,A,B,B,A
UNCHS047404,A,B,B,B,B,B,B,A
UNC30107716,A,B,B,B,B,B,A,A
UNC30108070,B,A,A,A,A,B,B,B
UNC30108228,B,B,B,B,B,A,B,A
UNC30108503,A,A,B,B,B,A,A,A
UNCHS047405,B,A,B,B,B,A,B,B
UNCHS047407,B,A,A,A,A,B,A,A
UNCHS047406,B,B,B,B,B,A,A,B
UNCHS047408,B,B,B,B,B,A,A,B
UNC30108783,B,A,B,B,B,A,A,A
UNCHS047409,B,A,B,B,B,A,B,A
UNCHS047410,B,B,B,B,B,A,A,B
UNC30109066,A,A,A,A,A,B,B,A
UNC30109247,B,A,A,A,A,B,B,B
UNC30109500,B,B,B,B,B,A,B,B
UNC30109707,A,B,B,B,B,A,A,A
UNC30109889,A,B,B,B,B,A,A,A
UNC30109923,B,A,A,A,A,A,A,B
UNC30110173,A,B,B,B,B,B,B,B
UNC30110608,B,B,A,A,A,B,A,B
UNC30110929,A,B,B,B,B,A,A,B
UNC30111172,A,A,B,B,B,A,B,A
UNC30111243,B,A,B,B,B,A,A,A
UNC30111529,B,B,A,A,A,A,B,B
UNC30111972,B,A,A,A,A,B,B,A
UNC30112382,A,B,A,A,A,B,B,B
UNCHS047411,B,B,B,B,B,A,A,B
UNC30112605,B,B,A,A,A,B,B,A
UNC30112848,A,A,B,B,B,B,A,B
UNC30113043,B,B,A,A,A,A,A,A
UNC30113192,A,B,A,A,A,B,B,A
UNC30113599,A,B,A,B,A,A,A,A
UNCHS047414,A,A,A,A,A,B,B,A
UNC30113928,A,A,A,A,A,B,A,A
UNC30114204,B,B,B,B,B,A,A,B
UNC30114397,B,B,B,B,B,A,A,B
UNC30114583,B,B,B,B,B,A,A,B
UNCHS047415,A,A,A,A,A,-,B,A
UNC30114780,B,B,B,B,B,A,B,B
UNC30114925,A,A,A,A,A,B,B,A
UNC30115180,B,A,B,A,B,A,A,B
UNC30115621,B,B,B,B,B,A,A,B
UNC30115852,A,A,A,A,A,B,A,A
UNC30116015,B,B,B,B,B,A,A,B
UNC30116243,B,B,B,B,B,A,A,B
UNC30116486,A,B,B,B,B,A,A,B
UNC30116610,B,B,B,B,B,A,A,B
UNC30116751,B,B,B,B,B,A,B,B
UNCHS047417,A,A,B,A,B,B,B,A
UNCHS047419,B,A,B,A,B,B,A,A
UNCHS047418,B,B,B,B,B,A,A,B
UNC30116915,B,B,B,B,B,A,A,B
UNCHS047420,B,B,B,B,B,A,A,B
UNC30117152,A,A,A,A,A,B,B,A
UNC30117332,B,B,B,B,B,A,A,B
UNC30117824,A,A,A,A,A,B,B,A
UNC30117950,A,B,A,A,A,A,A,A
UNC30118067,A,B,B,B,B,A,A,B
UNCHS047421,B,B,B,B,B,A,A,B
UNCHS047422,B,B,B,B,B,B,A,B
UNCHS047423,B,A,B,A,B,A,A,A
UNC30118461,A,B,A,B,A,A,A,B
UNCHS047424,A,A,A,A,A,B,A,A
UNC30118681,A,B,B,B,B,B,A,B
UNC30118998,A,A,A,B,A,A,A,A
UNC30119513,A,A,A,A,A,A,B,B
UNCHS047425,A,B,A,B,A,B,B,A
UNCHS047426,A,B,A,B,A,A,A,B
UNC30120025,B,B,B,B,B,A,A,B
UNCHS047427,B,B,A,B,A,B,B,B
UNCHS047428,A,A,A,A,A,B,B,A
JAX00087986,A,B,A,B,A,B,B,A
JAX00474414,A,B,A,B,A,B,A,A
UNC30121010,B,A,A,A,A,A,A,A
UNCHS047429,B,B,B,B,B,A,A,B
UNCHS047430,B,A,B,A,B,A,A,B
UNC30122445,A,B,B,B,B,B,B,A
JAX00474436,B,A,A,A,A,A,A,B
JAX00087994,B,A,A,A,A,A,A,B
JAX00474437,B,A,A,A,A,A,A,B
UNC30123246,A,B,B,B,B,A,B,A
JAX00474442,B,B,B,B,B,A,B,B
UNC30123621,B,A,A,A,A,B,B,B
JAX00474447,B,B,B,B,B,A,B,B
UNCHS047431,A,B,B,B,B,A,A,A
UNCHS047432,B,B,A,B,A,B,B,B
JAX00088002,A,B,A,B,A,A,A,B
UNC30124707,A,A,B,A,B,B,A,A
UNC30125200,B,A,B,A,B,B,B,B
UNC30125619,A,A,B,A,B,A,B,A
JAX00088010,B,B,A,B,A,B,B,B
UNCHS047433,A,A,B,A,B,B,B,A
UNCHS047434,A,B,A,A,A,A,A,B
UNC30125929,A,B,B,A,B,A,A,B
UNCHS047435,B,A,A,B,A,B,B,A
UNCHS047436,A,B,B,A,B,B,B,B
UNC30126123,B,A,A,B,A,B,B,A
JAX00474500,B,B,A,B,A,B,B,B
JAX00088015,A,A,B,A,B,A,A,A
UNC30126613,A,A,B,A,B,B,A,A
UNCHS047437,A,A,B,A,B,B,A,A
UNCHS047438,B,A,B,B,B,A,A,B
JAX00474507,B,A,B,B,B,B,A,B
UNC30127177,A,B,A,A,A,B,A,A
UNC30127795,A,A,A,A,A,B,B,A
JAX00474521,A,A,A,A,A,B,A,A
UNC30128348,A,B,A,A,A,B,B,A
UNC30128908,B,A,B,B,B,A,B,B
UNC30129668,A,B,B,A,B,B,B,B
UNCHS047439,A,B,B,A,B,B,B,B
JAX00474559,A,A,B,B,B,A,A,A
UNC30130210,A,A,B,B,B,A,A,A
UNC30130382,A,B,A,B,A,A,A,B
UNCHS047441,A,B,A,B,A,B,A,B
UNCHS047442,A,A,A,A,A,B,B,A
UNCHS047443,A,A,A,B,A,B,B,B
UNCHS047444,A,A,B,B,B,A,A,B
UNC30131122,A,A,A,A,A,B,B,B
JAX00474591,A,A,A,A,A,B,A,A
UNC30131992,B,B,A,B,A,A,B,A
UNC30132766,A,B,B,B,B,A,A,A
UNC30133329,A,A,B,A,B,B,B,A
UNCHS047445,A,A,B,A,B,B,B,A
UNCHS047446,A,B,B,A,B,A,A,B
JAX00474634,B,A,A,B,A,A,B,A
UNC30133801,A,B,B,A,B,A,A,B
UNCHS047447,A,B,B,A,B,B,A,B
UNCHS047448,A,A,A,A,A,B,B,A
UNCHS047450,B,A,A,B,A,B,A,A
UNC30135096,B,A,A,B,A,A,B,B
UNC30135550,A,B,B,A,B,A,B,B
UNC30136851,A,B,B,B,B,B,B,B
UNC30137292,A,A,A,A,A,B,B,A
UNC30137555,A,A,A,A,A,-,A,B
UNC30138111,B,A,B,A,B,A,A,B
UNC30138828,A,B,A,B,A,B,B,B
UNCHS047453,B,A,A,A,A,A,A,B
UNCHS047454,A,A,A,A,A,B,B,B
UNC30139799,A,A,B,A,B,B,B,A
JAX00474740,B,B,B,B,B,A,B,B
UNC30140453,B,A,A,A,A,B,B,B
UNC30141159,A,B,B,B,B,B,A,B
UNC30141470,B,A,A,A,A,B,B,A
JAX00474772,B,B,B,B,B,A,A,B
UNCHS047455,A,A,A,A,A,B,B,A
UNCHS047456,B,B,A,B,A,B,B,B
UNCHS047457,A,A,B,A,B,A,-,A
UNCHS047458,B,B,B,B,B,A,A,B
UNC30142554,A,A,B,A,B,B,B,A
UNCHS047459,A,A,B,A,B,A,A,A
UNCHS047460,B,B,B,B,B,A,A,B
UNCHS047461,A,A,A,A,A,B,B,A
UNC30142970,B,A,B,A,B,B,B,B
UNCHS047462,A,A,A,A,A,B,B,A
JAX00474795,A,A,A,A,A,B,A,A
UNC30143426,A,B,B,B,B,B,A,B
JAX00474803,A,B,B,B,B,B,B,B
JAX00088102,A,B,B,B,B,B,B,B
UNCHS047463,A,B,B,B,B,A,A,B
UNCHS047464,A,B,A,B,B,B,B,B
UNC30144119,A,B,A,B,B,A,A,B
UNC30144579,A,B,A,B,B,B,B,B
UNC30144866,B,A,B,A,A,A,B,B
UNCHS047465,A,A,B,A,A,A,B,A
UNC30145625,B,B,A,B,B,A,A,A
UNCHS047466,A,A,A,A,A,B,B,A
JAX00474835,B,B,A,B,B,B,B,A
UNC30146004,B,B,A,B,B,A,A,B
UNCHS047467,A,B,B,B,B,A,A,B
UNCHS047468,A,A,A,A,A,B,B,A
UNC30146623,B,A,A,A,A,B,B,A
UNC30147087,A,B,A,B,B,B,A,A
UNCHS047469,A,A,B,A,A,B,B,B
UNCHS047470,A,A,B,A,A,A,A,B
UNC30148026,A,B,B,B,B,A,B,B
UNC30148273,A,B,A,B,B,A,A,B
JAX00474883,B,B,B,B,B,B,A,B
UNCHS047471,B,B,A,B,B,B,A,B
UNCHS047472,B,B,B,B,B,A,A,B
UNC30148442,B,B,A,B,B,A,A,A
UNC30148778,A,A,A,A,A,B,B,A
UNCHS047473,A,A,A,A,A,B,B,A
UNCHS047475,A,A,A,A,A,B,A,A
UNCHS047474,B,B,B,B,B,A,A,B
UNCHS047476,A,A,A,A,A,B,A,A
JAX00474895,B,B,B,B,B,A,B,B
JAX00474895q,B,B,B,B,B,A,B,B
UNCHS047478,B,A,B,A,A,A,B,B
UNCHS047479,B,A,B,A,A,B,B,B
UNCHS047480,B,A,B,A,A,A,B,B
UNC30149201,B,A,B,A,A,A,B,B
UNCHS047481,B,A,B,A,A,A,B,B
UNCHS047482,A,B,A,B,B,A,A,A
UNC30149386,B,B,B,B,B,B,B,A
UNC30149434,A,A,A,A,A,B,B,A
UNC30149565,B,B,B,B,B,A,B,B
UNCHS046781,B,B,B,B,B,A,B,B
UNC30149630,A,B,A,B,B,A,A,A
UNCHS047484,B,B,B,B,B,A,B,B
JAX00088142,A,B,A,B,B,A,A,A
UNC30149746,B,A,B,A,A,B,B,B
UNCHS047485,B,A,B,A,A,B,B,B
UNCHS047486,A,A,A,A,A,-,B,A
UNC30149840,A,B,A,B,B,B,B,A
UNCHS047487,B,A,B,A,A,B,B,B
UNCHS047488,B,B,B,B,B,A,A,B
UNC30150271,A,B,B,B,B,A,B,B
UNC30150345,A,A,B,A,A,A,A,A
UNC30150902,B,A,B,A,A,B,B,B
UNC30151090,B,A,B,A,A,A,A,B
UNC30151319,B,A,B,A,A,B,B,A
UNCHS047489,A,B,A,B,B,B,A,B
UNCHS047490,B,A,B,A,A,B,B,A
UNC30151518,B,A,B,A,A,A,B,A
UNC30151717,B,A,A,A,A,B,B,A
UNC30151931,A,B,A,B,B,A,A,A
UNC30152111,B,B,A,B,B,A,A,B
UNC30152415,A,A,A,A,A,B,B,A
UNCHS047491,A,A,A,A,A,B,B,A
UNCHS047492,B,A,A,A,A,A,B,A
UNC30152763,B,A,A,A,A,B,A,A
UNC30152922,A,B,B,B,B,A,A,B
UNC30153174,B,B,A,B,B,A,A,A
UNC30153639,A,B,B,B,B,B,A,B
UNC30153772,A,A,A,A,A,A,A,B
JAX00088166,A,B,B,B,B,A,A,B
UNC30153927,B,A,A,A,A,B,A,A
UNCHS047493,A,B,B,B,B,A,B,B
UNC30154428,B,A,A,A,A,B,B,A
UNC30154739,B,A,A,A,A,B,B,A
UNC30154944,A,A,A,A,A,B,B,A
JAX00474998,B,B,B,B,B,A,A,B
UNC30155232,B,A,A,A,A,B,A,A
UNC30155279,A,B,B,B,B,A,A,B
UNC30155558,B,B,B,B,B,A,B,B
UNC30155833,B,B,A,B,B,B,B,B
UNCHS047495,A,A,A,A,A,B,B,A
UNCHS047496,-,A,A,A,A,B,A,A
UNCHS047497,B,A,B,A,A,A,B,B
UNCHS047498,-,A,A,A,A,B,B,A
JAX00475017,B,B,B,B,B,B,A,B
UNCHS047499,A,B,B,B,B,A,A,B
UNC30156343,B,A,B,A,A,B,B,B
UNCHS047500,A,A,A,A,A,B,B,A
UNC30156501,B,B,B,B,B,A,A,B
UNC30156768,A,B,B,B,B,A,A,B
UNCHS047501,A,B,B,B,B,-,A,B
UNCHS047502,A,A,A,A,A,B,B,A
UNC30157046,B,B,B,B,B,A,B,B
UNCHS047503,B,A,A,A,A,B,B,A
UNCHS047504,B,B,B,B,B,A,A,B
UNCHS047505,A,A,A,A,A,B,B,A
UNCHS047506,B,A,A,A,A,A,A,B
UNC30157501,B,B,A,B,B,B,B,B
UNC30157819,A,B,B,B,B,B,B,B
UNCHS047507,A,A,A,A,A,B,B,A
UNCHS047508,-,A,A,A,A,B,A,B
UNC30158032,B,B,B,B,B,A,A,B
UNC30158253,B,B,B,B,B,A,B,B
UNC30158696,B,A,B,A,A,B,B,A
UNC30159017,B,A,A,A,A,B,B,B
JAX00475080,B,B,B,B,B,B,B,A
JAX00475087,A,B,B,B,B,B,B,B
UNC30159169,A,A,A,A,A,B,B,A
UNC30159358,B,B,B,B,B,A,B,B
UNC30159560,B,B,A,B,B,A,A,A
UNC30159856,B,A,A,A,A,B,B,A
UNCHS047509,B,B,B,B,B,A,A,B
UNCHS047510,B,B,-,B,B,A,A,B
UNC30160193,B,B,A,B,B,A,B,B
UNC30160474,B,B,B,B,B,A,A,B
UNCHS047511,A,A,A,A,A,B,B,A
UNCHS047512,A,A,A,A,A,B,B,A
UNCHS047513,B,B,B,B,B,A,A,B
UNC30161048,A,A,A,A,A,A,A,B
UNC30161592,A,A,B,A,A,A,B,B
JAX00475132,B,B,A,B,B,A,A,A
UNC30161918,B,B,A,B,B,A,B,A
JAX00088205,A,A,B,A,A,A,A,B
UNC30162622,A,A,B,A,A,B,B,A
JAX00088209,A,A,B,A,A,B,B,A
UNC30162928,A,A,B,A,A,B,B,B
JAX00475156,B,B,B,B,B,B,A,B
UNC30163486,B,B,B,B,B,A,A,A
UNCHS047515,B,B,B,B,B,A,A,A
UNCHS047516,B,B,A,B,B,B,A,A
UNC30163725,A,A,B,A,A,A,B,B
UNC30164169,A,A,B,A,A,B,B,B
UNCHS047518,B,B,B,B,B,A,A,B
UNC30164499,B,B,B,B,B,A,A,B
UNC30164867,B,B,A,B,B,A,A,A
UNC30165315,B,B,A,B,B,A,A,B
JAX00475201,A,A,A,A,A,B,A,A
UNC30166386,B,B,A,B,B,A,B,A
JAX00088226,A,A,B,A,A,A,A,B
JAX00088227,A,A,B,A,A,A,A,B
UNC30167157,B,B,A,B,B,A,A,A
UNC30167510,B,B,A,B,B,A,A,A
JAX00475214,A,A,A,A,A,A,B,A
UNCHS047519,B,B,B,B,B,A,A,B
UNC30169071,B,B,B,B,B,A,B,B
UNC30169348,A,A,B,A,A,B,B,B
JAX00475243,A,A,A,A,A,A,A,B
UNCHS047521,B,B,B,B,B,A,A,A
JAX00475246,B,B,B,B,B,A,B,B
UNC30169909,A,A,B,A,A,B,B,B
UNC30170307,A,A,A,A,A,B,B,A
UNC30170473,A,A,B,A,A,A,A,A
UNC30170966,B,B,B,B,B,A,B,A
UNC30171515,A,A,A,A,A,B,B,A
UNC30171956,B,B,B,B,B,A,A,A
UNC30172186,B,B,B,B,B,A,A,A
UNC30172563,A,A,A,A,A,A,B,B
UNC30172893,A,A,A,A,A,B,B,A
JAX00475294,B,B,B,B,B,B,B,A
UNC30173700,A,A,A,A,A,B,B,B
UNCHS047525,B,B,B,B,B,A,A,A
UNC30174108,A,A,B,A,A,B,B,B
UNCHS047527,B,B,A,B,B,A,B,A
UNCHS047526,A,A,A,A,A,B,B,A
JAX00475305,A,A,A,A,A,B,B,A
UNCHS047528,A,A,A,A,A,B,B,A
UNCHS047529,B,B,B,B,B,A,A,A
UNC30174299,B,B,B,B,B,A,B,B
UNCHS047532,B,B,B,B,B,A,A,B
UNC30174460,B,B,B,B,B,A,A,B
UNCHS047534,A,A,A,A,A,B,B,A
UNC30174625,B,B,B,B,B,A,A,A
UNCHS047535,B,B,B,B,B,A,A,B
UNCHS047536,A,A,A,A,A,B,B,A
UNC30174911,A,A,B,A,A,B,B,B
UNCHS047537,B,B,B,B,B,A,A,B
UNCHS047538,B,B,B,B,B,A,A,A
UNC30175656,B,B,B,B,B,A,B,A
UNC30176317,B,B,B,B,B,A,A,B
JAX00475330,B,B,B,B,B,B,B,A
UNCHS047539,A,A,A,A,A,B,B,A
UNCHS047540,B,B,B,B,B,A,A,A
UNC30176763,B,B,B,B,B,A,A,A
UNCHS047541,A,A,A,A,A,B,B,A
UNCHS047542,B,B,A,B,B,A,A,A
JAX00475342,A,A,B,A,A,A,A,B
UNCHS047544,B,B,B,B,B,A,A,A
UNC30177315,B,B,A,B,B,A,A,A
JAX00475352,A,A,A,A,A,B,A,A
UNC30177571,A,A,B,A,A,B,A,B
JAX00475363,B,B,B,B,B,B,A,B
UNC30178120,B,B,B,B,B,A,A,B
UNCHS047545,B,B,B,B,B,A,A,A
UNCHS047547,B,B,B,B,B,A,A,A
UNCHS047548,A,A,A,A,A,B,B,A
UNCHS047549,A,A,A,A,A,B,B,A
UNC30178290,B,B,B,B,B,A,A,B
UNC30179422,B,B,A,B,B,A,A,A
UNCHS047551,A,A,A,A,A,B,A,B
UNCHS047552,A,A,A,A,A,B,B,A
UNC30180314,B,B,B,B,B,A,A,A
UNCHS047553,B,B,B,B,B,A,A,A
UNC30180808,A,A,B,A,A,B,B,B
UNCHS047555,B,B,B,B,B,-,A,B
UNCrs30322219,A,A,B,A,A,B,B,B
UNCHS047556,A,A,B,A,A,A,B,B
UNCrs30960887,A,A,B,A,A,A,B,B
UNCrs31038300,B,B,A,B,B,A,A,A
UNCrs47510477,A,A,A,A,A,A,B,A
UNCrs31087175,B,B,A,B,B,B,A,B
UNCrs216212130,A,A,A,A,A,B,B,A
UNCrs232159684,B,B,B,B,B,A,B,B
UNCrs47252015,B,B,B,B,B,B,A,B
UNCrs223917300,B,B,A,B,B,A,B,B
UNCrs243702369,B,B,A,B,B,A,B,B
UNCrs257255753,A,A,B,A,A,B,A,A
UNCrs231405964,A,A,-,A,A,B,A,A
UNC30181134,A,A,B,A,A,A,B,A
UNC30182106,B,B,A,B,B,A,A,A
JAX00088315,B,B,A,B,B,A,A,B
JAX00088315r,B,B,A,B,B,A,A,B
UNC30182758,A,A,B,A,A,A,A,A
UNC30183361,B,B,B,B,B,A,A,A
UNC30183769,A,A,A,A,A,B,A,B
JAX00475437,A,A,A,A,A,A,B,A
UNC30184319,B,B,B,B,B,A,A,B
UNC30184813,B,B,B,B,B,A,A,A
JAX00475458,A,A,A,A,A,A,A,B
JAX00475458r,A,A,A,A,A,A,A,B
UNC30185638,A,A,B,A,A,A,A,A
UNC30186003,B,B,B,B,B,B,A,A
UNC30186387,A,A,B,A,A,B,B,A
JAX00088339,A,A,B,A,A,B,A,B
UNC30187109,A,A,B,A,A,B,B,B
UNCHS047557,A,A,A,A,A,B,B,B
UNCHS047558,B,B,A,B,B,A,A,B
UNCHS047559,B,B,A,B,B,A,A,B
UNC30187388,B,B,A,B,B,B,B,B
UNCHS047560,A,A,A,A,A,B,B,A
UNCHS047561,A,A,A,A,A,B,B,A
UNCHS047562,B,B,B,B,B,A,A,B
UNC30188444,A,A,A,A,A,B,B,A
UNC30188929,A,A,A,A,A,B,B,A
UNC30189352,B,B,A,B,B,A,A,A
JAX00088351,A,A,B,A,A,A,A,B
UNC30189613,A,A,B,A,A,A,B,B
UNC30190536,B,B,B,B,B,A,B,A
UNC30190932,B,B,A,B,B,A,A,A
JAX00088360,A,A,A,A,A,A,A,B
UNC30191339,B,B,B,B,B,A,A,B
JAX00475562,B,B,B,B,B,B,A,B
UNC30191980,B,B,B,B,B,A,B,B
UNC30192357,B,B,B,B,B,A,A,A
JAX00475577,A,A,A,A,A,B,B,B
UNC30192903,B,B,B,B,B,A,A,A
UNC30193448,A,A,B,A,A,B,B,B
JAX00214735,A,A,A,A,A,A,B,A
UNC30194773,A,A,B,A,A,B,B,A
UNC30195210,A,A,A,A,A,B,A,A
UNCHS047564,A,A,A,A,A,B,B,B
UNC30195616,B,B,B,B,B,A,A,A
UNC30195754,A,A,A,A,A,B,B,B
UNC30195781,A,A,A,A,A,A,A,B
UNCHS047565,B,B,B,B,B,A,B,A
UNC30195834,A,A,B,A,A,B,B,A
UNCHS047566,A,A,A,A,A,B,B,A
UNC30195886,B,B,B,B,B,A,B,B
UNC30195892,B,B,B,B,B,A,A,B
UNC30195939,B,B,B,B,B,A,A,B
UNC30195985,B,B,B,B,B,B,B,A
UNC30196025,A,A,A,A,A,B,B,B
UNC30196091,B,B,B,B,B,B,A,B
UNC30196132,A,A,A,A,A,A,B,A
UNC30196166,A,A,A,A,A,A,B,A
UNC30196216,B,B,B,B,B,B,B,A
UNC30196254,B,B,B,B,B,A,A,B
UNC30196283,B,B,B,B,B,A,B,B
UNC30196349,A,A,A,A,A,B,B,B
UNC30196430,A,A,A,A,A,A,B,B
UNC30196604,A,A,A,A,A,B,B,A
UNC30197172,A,A,A,A,A,B,B,B
JAX00475642,B,B,B,B,B,A,B,A
JAX00475646,A,A,A,A,A,A,B,B
UNC30197966,B,B,B,B,B,A,A,A
UNC30198546,A,A,B,A,A,B,A,B
UNCHS047567,A,A,B,A,A,B,A,A
UNCHS047568,B,B,A,B,B,A,A,B
UNCHS047569,A,A,B,A,A,B,B,A
UNCHS047570,B,B,A,B,B,A,B,B
UNCHS047571,A,A,B,A,A,B,A,A
UNCHS047572,A,A,B,A,A,B,B,B
UNC30199206,B,B,A,B,B,A,A,B
UNC30199631,B,B,A,B,B,A,A,A
UNC30200563,B,B,A,B,B,A,A,A
UNCHS047573,B,B,A,B,B,B,A,B
UNCHS047574,A,A,A,A,A,B,B,A
UNC30201274,A,A,A,A,A,B,B,B
UNC30201958,A,A,A,A,A,B,A,B
JAX00475719,A,A,A,A,A,B,B,A
UNC30202096,B,B,B,B,B,A,A,B
UNC30202476,B,B,A,B,B,B,B,B
UNCHS047575,B,B,B,B,B,A,B,A
UNCHS047576,A,A,A,A,A,A,B,A
UNC30203301,A,B,A,A,B,B,A,A
UNC30203653,A,A,B,A,A,A,B,B
JAX00088432,A,A,B,A,A,A,A,B
UNCHS047577,B,B,A,B,B,B,A,A
UNCHS047578,B,B,A,B,B,B,B,A
UNC30203900,A,A,B,A,A,A,A,B
UNCHS047580,B,B,A,B,B,B,A,B
UNC30205249,B,B,A,B,B,B,A,B
UNCHS047581,B,A,A,B,A,A,A,A
UNC30206298,A,A,A,A,A,B,A,A
UNCHS047584,A,B,B,A,B,B,B,B
UNC30206821,B,B,B,B,B,B,A,B
UNCHS047586,B,B,B,B,B,B,A,B
UNC30207193,A,A,A,A,A,A,B,A
UNCHS047588,B,A,B,B,A,B,-,B
JAX00475787,B,B,B,B,B,B,A,B
UNC30207428,B,B,B,B,B,A,B,B
JAX00088458,B,B,B,B,B,B,A,B
UNC30207909,B,B,B,B,B,B,A,B
UNCHS047589,B,B,B,B,B,B,A,B
UNCHS047590,A,A,A,A,A,A,A,B
UNC30208244,A,A,A,A,A,A,B,B
UNCHS047591,A,A,A,A,A,A,B,B
UNCHS047592,A,B,A,A,B,A,A,A
UNCHS047593,A,B,A,A,B,A,A,A
UNCHS047594,B,B,B,B,B,B,A,B
UNCHS047595,A,B,A,A,B,A,B,A
UNCHS047596,A,B,A,A,B,A,A,A
JAX00088467,B,A,B,B,A,B,A,B
UNC30208784,B,A,B,B,A,B,A,B
UNCHS047597,B,A,B,B,A,B,B,B
UNCHS047598,A,B,A,A,B,A,B,A
JAX00088470,A,B,A,A,B,A,B,A
UNCHS047599,B,B,B,B,B,A,A,B
UNC30209395,B,A,A,B,A,A,A,A
UNCHS047601,B,B,A,B,B,A,B,B
UNC30209713,A,A,B,A,A,A,B,A
JAX00475816,B,B,B,B,B,B,A,B
UNCHS047483,A,A,A,A,A,B,B,A
UNC30210099,A,A,A,A,A,B,B,A
UNC30210284,B,B,A,B,B,B,B,A
UNCHS047607,A,A,B,A,A,B,B,B
UNCHS047608,A,A,A,A,A,B,B,A
UNC30210488,A,A,A,A,B,A,A,A
UNCHS047609,A,A,A,A,A,B,B,A
UNCHS047610,A,A,A,A,A,B,B,A
UNC30210600,A,A,A,A,A,B,A,A
UNC30210936,A,A,A,A,A,B,B,A
UNC30211159,B,B,B,B,B,A,A,B
UNC30211314,A,A,A,A,A,B,A,A
UNC30211500,B,B,B,B,B,A,A,B
UNC30211645,B,B,B,B,B,A,A,B
UNC30211827,A,A,A,A,A,B,B,A
UNC30212220,A,A,A,A,A,B,A,A
UNCHS047611,A,A,A,A,A,A,B,B
UNCHS047612,A,A,A,A,A,B,B,A
UNC30212707,A,A,A,A,A,B,B,B
UNCHS047613,A,A,A,A,A,B,B,A
UNC30212834,B,B,B,B,B,A,A,B
UNC30212975,A,A,A,A,A,B,B,B
UNC30213131,B,B,B,B,B,A,B,B
UNC30213301,B,B,B,B,B,A,A,A
UNCHS047617,B,B,B,B,B,A,B,A
JAX00475870,B,B,B,B,B,A,B,B
UNC30213550,B,A,A,A,A,B,B,B
UNC30213881,B,A,A,B,B,B,A,B
UNC30214052,B,A,A,B,B,B,B,B
UNC30214131,B,A,A,B,B,A,A,B
UNC30214234,B,A,A,B,B,A,A,A
UNC30214345,A,B,B,A,A,B,B,A
UNC30214530,A,A,A,A,A,B,A,A
UNC30214803,A,A,A,A,A,B,B,B
UNC30215051,A,A,A,B,B,B,A,B
UNC30215158,A,B,B,B,A,A,A,B
UNC30215375,A,B,B,B,B,A,B,B
UNC30215621,B,A,A,A,A,A,B,A
UNC30215840,A,B,B,B,B,A,A,B
UNC30215950,A,B,B,B,B,A,A,B
UNC30216089,A,A,A,B,B,-,B,B
UNC30216360,A,A,A,B,B,A,A,B
UNCHS047619,A,A,A,B,B,A,A,B
UNCHS047620,A,B,B,A,B,A,A,B
UNC30216687,A,B,B,B,B,B,B,B
UNCHS047621,B,B,B,B,B,A,A,B
UNCHS047622,A,A,A,A,A,B,B,B
UNC30217002,B,B,B,B,B,A,B,B
UNCHS047623,A,A,A,A,A,B,B,A
UNC30217153,B,B,B,B,B,A,A,A
UNCHS047624,A,A,A,A,A,B,B,B
UNC30217339,B,A,A,A,B,A,A,B
UNC30217607,B,B,B,B,A,A,A,A
JAX00088520,A,A,A,A,B,A,A,B
JAX00475963,B,B,B,B,B,B,A,B
UNC30218469,B,B,B,B,B,A,B,B
UNC30219967,B,B,B,B,A,A,A,A
JAX00475993,A,A,A,A,B,A,A,B
JAX00088535,B,B,B,B,B,A,B,B
UNC30221931,B,B,B,B,A,A,A,B
JAX00476016,A,A,A,A,A,A,B,A
sanger2075,B,B,B,B,B,A,A,B
sanger2075q,B,B,B,B,B,A,A,B
UNC30223401,B,B,B,B,A,A,A,A
UNCHS047628,A,A,A,A,A,B,B,A
UNC30224862,A,A,A,A,B,B,A,B
JAX00088583,A,A,A,A,B,B,B,B
JAX00476068,B,B,B,B,B,A,B,B
JAX00088587,B,B,B,B,B,A,A,B
UNC30225538,B,B,B,B,B,A,A,A
JAX00476084,A,A,A,A,A,B,B,A
UNCHS047629,A,A,A,A,A,B,B,B
UNCHS047630,B,B,B,B,B,A,A,B
UNC30226622,B,B,B,B,B,A,B,B
UNCHS047631,B,B,B,B,A,A,A,A
UNC30226893,A,A,A,A,B,B,B,B
UNCHS047632,A,A,A,A,A,B,B,A
JAX00476097,B,B,B,B,A,A,B,A
JAX00476103,B,B,B,B,B,A,A,B
JAX00476105,B,B,B,B,B,A,B,B
UNC30227688,A,A,A,A,B,B,B,A
UNC30227840,A,A,A,A,A,B,B,A
UNCHS047633,A,A,A,A,A,B,B,B
UNC30228237,A,A,A,A,B,B,B,A
UNCHS047634,B,B,B,B,A,A,A,B
UNC30228534,A,A,A,A,B,B,B,B
UNC30228779,B,A,A,A,A,A,B,A
UNC30229742,B,A,A,A,B,A,B,B
UNC30230086,B,A,A,A,B,B,B,A
UNC30230276,B,A,A,A,A,B,B,A
UNC30230603,A,A,A,A,B,B,B,B
JAX00476191,B,A,A,A,A,A,A,A
UNC30230953,B,A,A,A,A,B,B,B
UNC30231155,A,B,B,B,A,B,A,A
UNC30231436,B,A,A,A,A,B,B,B
JAX00476213,A,A,A,A,A,A,A,B
UNC30231676,A,B,B,B,A,A,B,A
UNC30232200,B,B,B,B,B,A,B,A
UNC30232556,A,A,A,A,B,A,B,B
UNC30232946,B,B,B,B,B,A,A,B
UNC30233284,A,A,A,A,A,B,B,A
UNC30233827,B,B,B,B,B,A,B,B
UNC30234022,A,A,A,A,A,B,B,A
UNC30234169,B,B,B,B,B,-,A,B
UNCHS047637,A,A,A,A,A,A,B,A
UNCHS047638,B,B,B,B,B,A,B,B
UNC30234305,A,A,A,A,A,B,B,A
UNCHS047639,A,A,A,A,A,B,B,A
UNCHS047640,A,A,A,A,A,B,B,A
UNC30234572,B,A,A,A,B,A,B,B
UNC30234737,A,B,B,B,A,B,B,A
JAX00476263,A,B,B,B,A,B,B,A
UNC30235341,B,A,A,A,B,A,A,A
JAX00476271,A,B,B,B,A,A,A,B
UNC30235680,A,B,B,B,A,A,A,B
UNC30235919,B,A,A,A,B,B,B,A
UNC30236020,A,B,B,B,A,B,A,A
UNC30236563,A,A,A,A,A,B,B,B
UNC30236903,B,B,B,B,B,A,A,B
UNC30237347,A,B,B,B,A,A,B,A
JAX00088653,A,B,B,B,A,A,A,A
UNC30237557,B,A,A,A,B,B,A,B
UNC30237856,B,A,A,A,B,A,A,B
UNC30238184,B,B,B,B,B,A,A,A
backupUNC190174193,A,B,B,B,A,A,B,B
UNC30239491,B,A,A,A,B,B,B,A
UNC30240078,B,A,A,A,B,A,B,B
UNC30240487,B,A,A,A,B,A,B,B
UNCHS047642,B,B,B,B,B,A,A,A
UNC30241861,A,A,A,A,A,B,A,B
UNCHS047643,A,A,A,A,A,B,A,B
JAX00476411,B,B,B,B,B,A,A,B
UNC30243725,B,B,B,B,B,A,A,A
UNC30244735,A,B,B,B,A,A,A,A
UNCHS047645,A,A,A,A,A,B,B,B
UNCHS047646,A,A,A,A,B,A,A,B
JAX00476451,A,A,A,A,A,B,B,A
JAX00476451r,A,A,A,A,A,B,B,A
JAX00476453,B,B,B,B,B,A,B,B
UNC30247166,A,A,A,A,B,B,B,A
UNC30248058,A,A,A,A,A,B,B,B
JAX00476469,A,A,A,A,A,B,A,A
UNCHS047647,A,A,A,A,A,-,B,A
UNC30249483,B,B,B,B,A,A,A,A
UNCHS047649,B,B,B,B,A,A,A,B
JAX00214849,B,B,B,B,B,B,A,B
UNCHS047651,A,A,A,A,A,A,B,B
UNCHS047652,A,A,A,A,A,B,B,B
UNC30253575,A,A,A,A,A,B,B,B
JAX00476513,B,B,B,B,B,B,B,A
JAX00476519,A,A,A,A,A,B,A,A
UNCHS047653,A,A,A,A,A,B,B,A
UNCHS047654,A,A,A,A,A,-,B,A
UNC30254632,A,A,A,A,A,B,B,B
UNCHS047655,B,B,B,B,B,A,A,B
UNCHS047658,A,A,A,A,B,A,A,B
UNC30256311,A,A,A,A,B,B,B,B
UNC30256816,B,B,B,B,B,A,A,B
UNC30256898,B,B,B,B,A,B,B,A
UNC30256921,B,B,B,B,B,A,A,B
UNC30256939,B,B,B,B,A,A,A,A
UNC30256984,A,A,A,A,B,B,B,B
UNC30256998,B,B,B,B,A,A,A,A
UNC30257032,B,B,B,B,B,A,B,B
UNC30257063,B,B,B,B,A,B,-,A
UNC30257083,B,B,B,B,A,A,A,A
UNC30257101,A,A,A,A,B,B,B,B
UNC30257126,B,B,B,B,A,A,A,A
UNC30257145,A,A,A,A,B,A,B,B
UNCHS047659,A,A,A,A,B,B,A,B
UNC30257191,B,B,B,B,B,A,A,B
UNC30257203,A,A,A,A,A,B,B,A
UNC30257246,A,A,A,A,A,B,B,A
UNCHS047660,A,A,A,A,A,B,B,A
UNC30257285,B,B,B,B,B,A,A,B
UNC30257434,B,B,B,B,A,B,B,B
UNCHS047662,A,A,A,A,A,B,B,A
UNC30257829,B,B,B,B,B,A,B,A
CEAJAX00476568,B,B,B,B,B,B,B,A
JAX00476573,A,A,A,A,A,A,B,B
JAX00476582,A,A,A,A,A,A,A,B
UNC30258589,A,A,A,A,A,B,B,B
UNC30259117,B,B,B,B,B,A,B,B
UNC30260611,B,B,B,B,B,B,B,A
UNC30261073,B,A,B,B,B,A,A,B
UNCHS047665,B,A,A,B,B,A,A,A
UNCHS047666,A,B,B,A,A,A,A,B
UNC30261542,B,A,A,B,B,A,A,A
UNC30261995,B,A,A,B,B,A,B,A
JAX00476631,B,B,B,B,B,A,B,B
JAX00476632,A,A,A,A,A,B,B,A
UNC30262791,A,A,A,A,A,B,A,A
UNC30263377,A,A,A,A,A,B,B,B
UNCHS047667,B,B,B,B,B,A,A,B
UNC30264413,B,A,A,B,B,A,A,A
JAX00088788,B,A,A,B,B,B,B,B
JAX00476653,A,A,A,A,A,A,B,A
UNC30265409,B,B,B,B,B,A,A,B
UNC30266022,B,B,B,B,B,A,B,B
UNC30267063,A,B,A,A,A,A,A,B
UNCHS047669,B,B,B,B,B,A,B,B
UNCHS047670,A,A,A,A,A,B,B,A
UNCHS047671,B,A,B,B,B,B,B,B
UNCHS047672,A,A,A,A,A,B,B,A
UNC30268264,A,B,A,A,A,A,A,A
JAX00476693,B,B,B,B,B,B,A,B
UNC30268748,B,B,B,B,B,A,B,B
UNC30269234,B,B,B,B,B,A,A,B
UNCHS047674,B,B,B,B,B,A,A,B
UNCHS047676,A,A,A,A,A,B,B,A
JAX00088816,A,B,A,A,A,B,B,A
UNC30269603,B,A,A,B,B,A,A,B
UNC30269970,B,A,B,B,B,A,A,B
UNC30270295,B,A,B,B,B,A,A,B
UNCHS047678,B,B,B,B,B,A,A,B
UNCHS047679,A,A,A,A,A,B,A,B
UNCHS047680,B,B,B,B,B,A,A,B
UNCHS047681,A,A,A,A,A,B,B,A
UNC30270927,B,B,B,B,B,A,B,B
UNC30271229,A,A,A,A,A,B,B,A
UNCHS047685,A,A,A,A,A,B,B,A
UNC30271683,B,B,B,B,B,A,A,B
UNCHS047686,B,B,B,B,B,A,A,B
UNC30272052,A,A,A,A,A,B,B,A
UNC30272368,B,B,B,B,B,A,B,B
UNC30272586,B,B,B,B,B,A,A,B
UNC30272687,B,B,B,B,B,A,A,B
UNC30272810,A,A,A,A,A,B,B,A
UNC30272917,B,B,B,B,B,A,B,B
UNC30273049,A,A,A,A,A,B,B,A
UNC30273349,B,B,B,B,B,A,A,B
UNC30273492,B,B,B,B,B,A,A,B
JAX00088844,A,A,A,A,A,B,A,A
UNC30273790,B,B,B,B,B,A,A,B
UNC30273929,B,B,B,B,B,A,A,B
UNC30274077,A,A,A,A,A,B,B,A
UNC30274198,B,A,B,B,B,A,A,B
UNC30274280,A,A,A,A,A,B,A,A
UNC30274409,B,A,B,B,B,A,A,B
UNCHS047687,B,B,B,B,B,A,A,B
UNC30274651,A,B,A,A,A,A,A,B
UNCHS047688,A,B,A,A,A,A,A,B
UNCHS047689,B,A,B,B,B,A,B,A
UNC30274765,A,B,A,A,A,B,B,B
UNCHS047690,A,A,A,A,A,B,B,A
UNC30274859,A,A,A,A,A,B,A,A
UNC30274954,B,A,B,B,B,A,A,B
UNC30274999,A,B,A,A,A,B,B,A
UNC30275281,A,B,A,A,A,B,B,A
UNC30275404,A,A,A,A,A,B,A,A
UNCHS047691,A,A,A,A,A,B,B,A
UNCHS047692,A,B,A,A,A,B,B,A
UNC30275540,A,B,A,A,A,B,B,A
UNC30275735,B,B,B,B,B,B,B,A
UNC30275835,B,A,B,B,B,B,B,A
JAX00088859,B,A,B,B,B,A,A,A
UNC30276047,B,A,B,B,B,A,A,A
UNC30276224,A,B,A,A,A,A,B,B
UNC30276491,A,B,A,A,A,B,B,B
UNC30276657,A,B,A,A,A,B,B,B
JAX00476797,B,A,B,B,B,B,B,A
UNC30276799,A,B,A,A,A,B,A,B
UNC30276879,A,A,A,A,A,A,A,B
JAX00476801,A,A,A,A,A,B,A,A
UNC30277066,A,B,A,A,A,A,B,B
UNC30277312,B,A,B,B,B,A,A,A
UNC30277502,B,A,B,B,B,A,A,A
UNCHS047693,A,A,A,A,A,B,B,A
UNC30277608,A,A,A,A,A,B,B,B
UNCHS047696,A,B,A,A,A,A,A,A
UNCHS047697,A,A,A,A,A,B,B,A
UNCHS047698,A,B,A,A,A,A,A,A
UNC30277815,B,A,B,B,B,B,A,B
UNC30277851,A,A,A,A,A,B,B,A
UNC30277942,A,B,A,A,A,B,B,A
JAX00476829,B,B,B,B,B,A,A,B
UNC30278135,B,A,B,B,B,A,A,B
UNC30278442,A,A,A,A,A,A,A,B
UNCHS047699,B,B,B,B,B,A,A,B
UNCHS047700,B,B,B,B,B,B,A,B
UNC30278663,B,B,B,B,B,A,B,B
UNC30278871,B,B,B,B,B,A,A,B
UNC30279009,B,A,B,B,B,A,A,A
UNC30279246,A,B,A,A,A,B,A,B
JAX00088874,A,B,A,A,A,B,B,B
UNC30279383,A,B,A,A,A,B,B,B
UNC30279485,A,A,A,A,A,B,B,B
UNC30279616,B,A,B,B,B,A,A,B
UNC30279811,B,A,B,B,B,A,A,A
UNC30279971,B,A,B,B,B,B,A,B
UNC30280171,A,B,A,A,A,B,B,B
UNCHS047701,B,A,B,B,B,A,B,B
UNCHS047702,A,A,A,A,A,B,B,A
UNC30280369,A,B,A,A,A,B,A,A
UNC30281085,A,A,A,A,A,B,A,A
JAX00476871,B,B,B,B,B,A,B,B
UNC30281363,B,B,B,B,B,A,A,B
JAX00476875,B,B,B,B,B,B,A,B
UNC30281668,A,A,A,A,A,B,B,A
UNC30282030,B,B,B,B,B,A,A,B
UNC30282872,B,A,B,B,B,A,B,B
UNCHS047703,A,A,A,A,A,B,B,A
JAX00088894,A,B,A,A,A,B,B,A
UNC30283534,A,B,A,A,A,B,B,A
UNC30284006,B,A,B,B,B,A,A,B
UNCHS047705,A,A,A,A,A,B,B,A
UNCHS047706,A,B,A,A,A,A,B,A
UNC30284651,B,B,B,B,B,B,A,A
UNC30284882,A,B,A,A,A,B,A,B
UNC30285405,A,B,A,A,A,B,B,B
UNCHS047708,A,A,A,A,A,B,A,B
UNC30285888,B,A,B,B,B,A,A,A
UNCHS047709,A,A,A,A,A,B,B,A
UNCHS047710,B,A,B,B,B,B,A,B
UNC30286219,B,A,B,B,B,B,B,B
UNC30286399,A,B,A,A,A,A,B,B
JAX00476974,B,A,B,B,B,B,B,B
UNC30287406,B,A,B,B,B,A,A,A
UNC30287661,B,A,B,B,B,A,A,A
UNC30287958,B,A,B,B,B,A,A,B
UNC30288471,B,B,B,B,B,A,-,B
UNC30288809,B,B,B,B,B,A,A,B
UNC30289331,B,B,B,B,B,B,A,A
UNCHS047711,A,A,A,A,A,B,B,B
UNCHS047713,A,A,A,A,A,B,B,-
UNCHS047712,B,A,B,B,B,B,B,A
UNCHS047714,B,A,B,B,B,B,A,A
UNC30289754,B,A,B,B,B,A,A,A
UNC30290785,A,A,A,A,A,B,B,A
UNC30291116,B,A,B,B,B,A,A,B
UNC30291402,A,B,A,A,A,B,B,A
UNC30292077,A,B,A,A,A,B,A,A
JAX00088935,B,A,B,B,B,A,A,B
UNC30292387,A,B,A,A,A,B,B,A
UNC30292803,A,B,A,A,A,B,B,B
UNC30293082,A,B,A,A,A,B,B,A
UNC30293331,B,B,B,B,B,A,A,A
UNCHS047716,B,B,B,B,B,A,A,B
UNC30293650,B,B,B,B,B,A,B,B
UNC30294194,A,B,A,A,A,B,B,B
UNCHS047717,A,A,A,A,A,B,B,B
UNCHS047718,A,B,A,A,A,B,B,A
UNC30294727,B,B,B,B,B,A,A,B
UNCHS047719,B,A,B,B,B,-,B,B
UNCHS047720,A,A,A,A,A,B,B,A
UNCHS047722,A,B,A,A,A,B,B,A
UNC30295615,A,B,A,A,A,B,B,A
JAX00477148,B,B,B,B,B,A,B,B
UNCHS047723,A,B,A,A,A,A,A,A
UNC30295974,B,A,B,B,B,A,B,B
UNCHS047724,A,B,A,A,A,A,B,A
UNC30296924,B,A,B,B,B,A,A,A
UNC30297139,A,A,A,A,A,A,A,B
UNCHS047726,A,B,A,A,A,A,B,A
UNCHS047727,A,B,A,A,A,A,B,A
JAX00088966,B,A,B,B,B,A,A,B
UNC30298859,A,B,A,A,A,B,B,A
JAX00088987,B,A,B,B,B,A,A,B
JAX00477231,B,B,B,B,B,A,B,B
UNC30303215,B,B,B,B,B,A,B,B
JAX00477276,B,B,B,B,B,A,A,B
UNCHS047733,A,A,A,A,A,A,B,A
UNCHS047734,B,A,B,B,B,B,B,B
UNC30304188,A,B,A,A,A,A,B,A
UNC30305167,B,A,B,B,B,A,B,B
JAX00477308,A,A,A,A,A,B,A,A
JAX00089043,A,B,A,A,A,A,A,A
UNC30306526,A,B,A,A,A,B,-,A
UNC30307171,B,A,B,B,B,A,A,A
UNC30307645,A,A,A,A,A,B,B,A
UNC30307810,B,A,B,B,B,A,B,B
UNCHS047735,B,B,B,B,B,A,A,B
UNC30308105,A,B,A,A,A,B,B,A
UNC30308285,B,B,B,B,B,A,A,B
UNC30308455,B,A,B,B,B,A,A,B
UNC30308619,A,B,A,A,A,B,A,A
UNC30308738,A,B,A,A,A,B,B,A
UNC30308844,B,A,B,B,B,A,A,B
UNC30309042,A,B,A,A,A,A,A,A
UNC30309268,A,A,A,A,A,B,B,B
UNC30309315,B,B,B,B,B,A,B,A
UNC30309447,A,A,A,A,A,B,B,A
JAX00477352,B,B,B,B,B,A,B,B
UNC30309532,B,B,B,B,B,A,A,A
JAX00089057,B,A,B,B,B,A,A,B
UNC30309860,B,A,B,B,B,B,B,B
UNC30309967,B,B,B,B,B,A,A,B
UNC30310085,A,A,A,A,A,B,A,A
UNC30310225,A,B,A,A,A,B,B,A
UNC30310376,B,B,B,B,B,A,A,B
UNC30310427,B,A,B,B,B,A,A,B
UNCHS047738,B,A,B,B,B,A,A,B
UNC30310625,A,B,A,A,A,B,A,B
UNC30310811,B,A,B,B,B,A,A,A
UNC30310939,B,A,B,B,B,B,B,B
UNC30311036,A,A,A,A,A,B,A,A
UNC30311181,B,A,B,B,B,B,B,A
UNC30311299,A,A,A,A,A,B,B,A
UNC30311367,B,A,B,B,B,A,A,B
UNCHS047739,A,B,A,A,A,B,B,A
UNC30311502,B,B,B,B,B,A,B,B
UNCHS047740,A,A,A,A,A,B,B,B
UNC30311590,B,A,B,B,B,A,A,A
UNCHS047741,A,B,A,A,A,A,A,B
UNC30311763,A,B,A,A,A,B,B,B
UNCHS047742,B,B,B,B,B,A,A,B
UNC30311893,A,A,A,A,A,B,B,A
UNC30312004,B,B,B,B,B,A,A,A
JAX00477411,A,A,A,A,A,B,B,B
UNC30312086,A,A,A,A,A,A,B,B
UNC30312232,B,B,B,B,B,A,A,A
UNC30312674,A,B,A,A,A,B,B,B
JAX00477456,B,A,B,B,A,A,A,A
UNCHS047743,B,B,B,B,B,A,A,B
UNC30315337,A,B,A,A,B,B,B,B
UNC30316397,A,A,A,A,B,B,B,B
JAX00477496,B,B,B,B,B,B,A,B
UNCHS047745,B,A,B,B,A,B,B,-
UNCHS047746,B,A,B,B,B,A,A,-
UNCHS047747,A,B,A,A,A,B,B,A
UNCHS047748,B,B,B,B,A,B,A,B
UNC30319023,A,A,A,A,B,B,B,A
UNCHS047749,B,B,B,B,A,A,A,B
UNCHS047750,A,A,A,A,A,B,B,A
UNC30319635,B,B,B,B,A,A,B,B
UNC30320280,B,B,B,B,B,A,A,A
JAX00477542,B,B,B,B,B,A,B,B
UNC30321102,B,A,B,B,A,A,A,A
JAX00477546,A,A,A,A,A,A,B,A
UNC30322169,B,B,B,B,A,B,B,A
UNC30323050,A,B,B,B,B,A,B,A
JAX00477586,B,A,A,A,A,B,B,B
UNC30323773,-,A,A,A,A,A,B,B
JAX00089114,B,B,B,B,B,A,B,B
UNC30324577,A,B,A,A,A,A,A,A
UNC30325011,A,A,A,A,A,B,B,A
UNC30325708,A,B,B,B,A,B,B,B
UNCHS047752,A,A,A,A,A,B,B,A
UNC30326120,A,B,B,B,B,B,B,B
UNCHS047753,A,B,A,A,A,A,A,A
UNCHS047754,A,A,A,A,A,B,B,A
UNCHS047755,A,A,A,A,A,B,B,B
UNC30326852,B,A,B,B,B,A,B,A
UNCHS047756,A,B,A,A,A,A,A,B
UNCHS047757,A,B,A,A,A,B,-,B
UNCHS047758,B,B,B,B,B,A,A,B
UNC30327020,B,A,A,A,A,B,B,B
JAX00477626,A,B,B,B,B,B,B,A
UNC30327989,B,A,B,B,B,A,B,B
UNCHS047759,B,A,B,B,B,B,B,B
UNC30328686,A,A,B,B,A,B,B,A
UNCHS047760,A,A,A,A,A,B,B,A
UNC30328851,A,A,A,A,B,A,A,A
UNC30329433,B,A,A,A,A,A,A,A
UNCHS047761,A,B,A,A,A,B,B,A
UNCHS047763,B,A,B,B,B,A,A,B
JAX00477671,B,A,B,B,B,A,A,B
UNC30330174,B,A,B,B,B,B,A,B
JAX00477677,A,A,A,A,A,B,A,A
UNC30330531,B,B,B,B,B,A,A,B
UNC30331580,B,B,B,B,A,B,B,B
JAX00089161,B,A,B,B,A,A,A,B
JAX00477709,B,A,B,B,B,B,B,A
UNCHS047765,B,B,B,B,B,A,A,B
UNC30331816,B,A,B,B,A,A,A,A
UNCHS047766,B,A,B,B,A,A,A,A
UNC30333430,A,B,B,B,B,B,B,A
UNC30333897,B,A,A,A,A,B,B,B
JAX00477750,B,B,B,B,B,B,A,B
JAX00089174r,A,B,A,A,A,A,A,A
UNC30334487,B,B,A,A,A,B,B,B
UNCHS047769,B,A,B,B,B,B,B,B
UNCHS047770,A,A,B,B,B,A,A,B
UNC30335216,A,A,B,B,B,A,A,B
UNCHS047771,A,A,A,A,A,A,B,A
UNCHS047772,B,B,B,B,B,A,A,B
UNCHS047773,A,A,A,A,A,B,B,A
UNCHS047774,B,A,B,B,B,A,A,B
JAX00477783,A,A,A,A,A,B,A,A
UNC30336218,A,B,A,A,A,B,B,A
UNCHS047776,A,B,A,A,A,B,B,A
UNCHS047777,A,B,A,A,A,A,B,B
UNCHS047778,A,A,A,A,A,B,B,A
UNC30337081,B,A,A,A,A,B,B,A
UNC30337270,A,B,A,A,A,B,B,B
UNCHS047779,B,A,A,A,A,-,B,B
UNCHS047780,A,B,A,A,A,-,B,A
UNC30338130,B,B,B,B,B,A,A,B
UNCHS047781,A,A,A,A,A,B,B,A
UNCHS047782,A,B,A,A,A,A,A,A
UNC30338778,A,A,B,B,B,B,A,B
UNCHS047783,A,A,A,A,A,B,B,A
UNCHS047784,B,A,B,B,B,B,B,B
UNC30339490,B,B,A,B,B,B,A,B
UNCHS047785,B,B,B,B,B,B,A,B
UNCHS047786,A,A,A,A,A,B,B,A
UNC30340219,A,B,B,A,B,B,B,A
UNC30340737,B,A,B,B,B,A,A,A
UNC30341093,B,B,B,B,A,A,A,A
JAX00477864,B,B,B,B,A,B,B,A
UNC30342229,A,B,A,A,B,B,A,B
UNCHS047787,B,B,A,B,B,B,A,A
UNC30342371,B,B,A,B,B,A,A,A
UNCHS047789,A,A,B,A,A,B,B,B
UNCHS047788,A,A,B,A,A,B,A,B
UNCHS047790,B,A,B,B,A,B,B,B
UNCHS047791,A,B,A,A,B,A,A,A
UNCHS047792,A,B,A,A,A,A,A,A
JAX00477899,A,B,A,A,B,B,B,B
JAX00089221,B,A,B,B,A,A,A,A
JAX00477927,A,A,A,A,A,B,A,A
UNCHS047793,A,B,A,A,A,A,A,B
UNC30343498,B,B,A,B,A,B,B,A
UNCHS047794,A,A,A,A,A,B,B,A
UNCHS047795,B,B,B,B,A,B,A,B
UNCHS047796,B,A,B,B,B,B,B,B
UNC30344157,B,B,B,B,A,B,A,B
JAX00477972,A,A,A,A,A,B,A,A
UNCHS047797,B,B,B,B,B,A,A,B
UNCHS047798,B,B,B,B,A,B,A,B
UNC30346115,B,A,A,B,A,A,A,A
UNC30347226,B,A,B,B,A,B,B,B
UNCHS047799,A,B,A,A,B,A,A,A
UNC30348151,A,A,A,A,B,A,B,B
UNCHS047800,A,A,A,A,B,A,B,B
UNC30348877,B,A,B,B,B,A,A,B
JAX00478017,B,B,B,B,B,A,B,B
UNC30349853,B,A,A,B,B,A,B,B
JAX00478037,B,B,A,B,B,A,A,B
UNC30350463,A,A,A,A,A,A,A,B
UNCHS047801,A,B,B,A,A,A,A,A
UNCHS047802,A,B,B,A,A,B,A,A
UNCHS047804,A,A,A,A,A,B,B,A
UNC30351150,B,B,B,B,A,A,A,A
UNC30351570,A,B,A,A,B,A,B,B
UNC30351918,B,A,B,B,A,A,B,A
UNCHS047805,A,B,A,A,B,B,B,B
UNCHS047806,A,A,A,A,B,-,A,B
JAX00089266,B,A,B,B,A,A,A,A
UNC30352747,B,A,A,B,A,A,A,A
UNCHS047807,B,B,B,B,A,A,A,A
UNCHS047808,B,A,B,B,B,A,A,A
UNCHS047809,A,A,A,A,A,B,B,A
UNCHS047810,B,B,B,B,A,B,A,B
UNC30353071,B,B,B,B,A,B,A,B
UNC30353644,A,A,A,A,B,B,B,B
UNCHS047811,B,A,B,B,A,B,B,A
UNC30354272,B,A,A,B,B,B,A,A
UNC30354727,B,A,B,B,B,A,A,B
UNCHS047813,A,B,A,A,A,A,A,A
UNC30354821,B,A,A,B,A,A,A,A
UNCHS047814,A,A,B,A,A,A,A,B
JAX00478121,A,A,A,A,A,A,B,A
UNC30355310,A,A,B,A,A,B,B,B
UNC30355891,B,B,A,B,B,B,B,B
UNC30356247,A,B,B,A,A,B,A,B
UNC30356852,B,B,A,B,A,B,B,A
UNCHS047815,A,B,A,A,A,-,A,A
UNCHS047816,B,B,B,B,B,A,A,B
UNC30358255,B,A,A,B,A,B,B,A
UNC30358655,A,A,B,A,B,B,B,A
UNC30358854,A,A,A,A,B,A,A,A
UNC30359130,A,B,A,A,A,B,A,A
UNC30359317,A,B,A,A,A,A,B,A
UNC30359657,B,A,A,B,A,A,A,A
UNC30359858,B,B,B,B,B,A,A,B
UNC30360291,B,A,B,B,B,A,A,B
UNC30360382,A,B,A,A,A,B,B,A
UNC30360663,B,A,A,B,A,B,A,A
JAX00478218,B,B,B,B,B,B,A,B
UNCHS047817,B,B,B,B,B,A,A,B
UNCHS047818,A,B,B,A,B,B,B,B
UNC30361081,B,B,B,B,B,A,B,B
UNC30361371,A,B,B,A,B,A,A,B
UNC30361571,B,B,B,B,A,B,B,A
UNC30361747,A,A,B,A,A,A,A,B
UNCHS047820,A,A,B,A,A,A,B,B
UNC30362100,A,B,A,A,A,B,B,A
UNC30362439,B,A,B,B,B,A,B,B
UNC30362847,A,A,B,A,A,B,B,B
UNC30362865,A,A,B,A,A,A,A,A
UNCHS047821,A,A,A,A,A,B,B,A
UNCHS047822,A,B,A,A,A,A,A,A
UNC30363308,A,B,A,A,A,A,B,A
JAX00478257,B,B,B,B,B,A,B,B
UNC30363583,B,A,A,B,B,B,A,A
UNC30363965,A,B,B,A,A,B,B,B
UNC30364210,A,A,B,A,A,B,B,B
UNCHS047823,B,A,A,B,B,A,A,A
UNCHS047824,B,A,A,B,B,A,B,A
UNC30364509,A,B,B,A,A,B,A,B
UNC30364923,B,B,A,B,B,B,-,B
UNC30364997,B,B,A,B,B,B,A,A
UNC30365654,A,A,A,A,A,B,B,A
UNC30365722,A,A,A,A,A,A,A,B
UNC30365954,B,B,A,B,B,A,B,A
UNCHS047825,A,A,A,A,A,B,B,A
UNC30366739,B,A,A,B,A,B,A,A
UNC30366966,A,A,B,A,A,A,-,A
UNC30367183,A,A,A,A,B,A,A,A
UNC30367401,B,B,B,B,B,A,A,B
UNC30367541,A,B,A,A,A,A,A,A
UNC30367950,B,A,A,B,A,A,B,A
UNC30368203,B,A,A,B,B,B,A,B
UNCHS047828,A,A,B,A,B,B,B,A
UNC30369232,-,A,A,-,B,A,A,B
UNC30369381,B,A,B,B,B,B,B,A
UNC30369819,B,B,A,B,A,A,B,A
UNC30370037,A,B,B,A,B,B,B,A
UNCHS047829,A,B,B,A,B,B,B,A
UNCHS047830,B,B,B,B,B,A,A,B
UNC30370272,B,B,B,B,B,A,A,A
UNC30370500,B,A,A,B,A,B,B,A
UNCHS047831,B,A,A,B,A,A,B,A
UNCHS047832,B,A,B,B,B,B,A,A
UNC30371336,A,B,A,A,A,B,B,A
UNC30371955,A,B,A,A,A,B,B,B
UNCHS047833,B,B,B,B,B,A,A,B
UNCHS047834,A,A,A,A,A,B,A,B
UNC30372847,B,B,B,B,A,A,B,B
UNC30373111,B,A,A,B,A,A,A,A
UNCHS047835,B,A,B,B,B,B,A,A
UNCHS047836,A,A,A,A,A,B,B,A
UNC30373398,B,A,B,B,A,B,B,A
UNCHS047837,A,B,A,A,A,A,A,B
UNCHS047838,B,A,B,B,B,B,B,B
UNC30373668,A,B,A,A,A,B,B,A
UNCHS047839,A,A,A,A,A,A,B,A
UNCHS047840,A,A,A,A,A,B,B,A
UNCHS047842,B,B,B,B,B,A,A,B
UNCHS047843,A,B,B,B,B,A,A,B
UNCHS047844,A,A,A,A,A,B,B,A
UNC30374219,A,A,A,A,A,B,A,A
UNC30374306,B,B,B,B,B,A,A,B
UNC30374368,B,A,A,A,A,B,B,A
UNC30374411,A,B,B,B,B,A,A,B
UNC30374484,B,B,B,B,B,A,B,B
UNC30374511,B,B,B,B,B,A,A,B
UNC30374557,A,A,A,A,A,B,B,A
UNC30374609,B,B,B,B,B,A,A,B
UNC30374655,B,B,B,B,B,A,B,B
UNC30374737,A,A,A,A,A,B,B,A
UNC30374826,A,A,A,A,A,B,B,A
UNC30374845,B,B,B,B,B,A,A,B
UNC30374877,A,A,A,A,A,B,A,A
UNC30374907,A,A,A,A,A,B,B,A
UNC30374933,A,A,A,B,A,A,A,A
UNC30374971,B,A,B,A,B,A,A,A
UNC30375041,A,B,A,A,A,A,A,B
UNC30375143,B,B,B,A,B,B,B,B
UNC30375182,A,B,A,A,A,B,B,A
UNC30375227,B,B,B,B,B,A,B,B
UNC30375245,B,A,B,A,B,A,A,A
UNC30375285,B,A,B,B,B,B,B,B
UNC30375320,B,B,B,B,B,A,A,B
UNC30375331,B,A,B,A,B,A,A,A
UNCHS047845,B,A,B,A,B,A,A,A
UNC30375376,A,A,A,A,A,A,B,A
UNC30375421,B,A,B,B,B,B,B,A
UNCHS047847,A,A,A,A,A,B,B,A
UNC30375460,B,B,B,B,B,A,A,B
UNCHS047848,B,A,B,B,B,B,B,B
UNC30375665,A,B,A,A,A,A,A,A
UNC30376606,A,A,A,A,A,B,B,B
UNC30376908,A,B,A,A,A,B,A,B
UNC190180843,B,A,A,B,B,A,A,B
UNCHS047849,B,B,B,B,B,A,B,B
UNCHS047850,A,B,A,B,B,B,A,A
UNC30377634,B,B,B,A,B,B,B,B
UNCHS047851,A,A,A,A,A,B,B,B
UNCHS047852,A,A,A,A,A,B,B,A
UNC30378192,A,A,A,A,A,B,B,B
UNC30378943,B,B,B,B,A,B,B,B
UNC30379866,A,B,A,B,A,A,B,B
JAX00089421,A,B,A,A,A,A,A,B
UNCHS047854,B,A,B,B,B,B,B,A
UNC30380457,A,B,A,A,A,B,B,A
JAX00478612,A,B,A,A,A,A,A,A
UNC30381154,A,B,A,B,A,B,A,A
UNC30381459,B,B,B,B,A,B,B,B
UNCHS047855,A,A,A,A,A,B,B,A
UNCHS047856,B,A,B,B,B,A,A,A
UNC30382053,A,B,A,A,A,B,A,B
UNC30382562,B,A,B,B,B,B,A,B
JAX00478636,B,A,B,B,B,A,A,B
JAX00478640,B,A,B,B,B,A,A,B
UNC30382898,A,B,A,A,A,B,B,A
JAX00089436,B,B,B,B,B,A,B,B
UNCHS047857,B,A,B,B,B,B,A,B
UNCHS047858,B,B,B,B,B,A,A,B
UNC30383318,B,A,B,B,B,A,B,B
UNC30383650,A,A,A,A,A,B,B,A
UNCHS047859,A,A,A,A,A,B,B,A
UNCHS047860,A,B,A,A,A,B,B,A
UNCHS047861,B,B,B,B,B,A,A,B
UNCHS047862,B,A,B,B,B,B,B,B
UNC30383779,B,B,A,B,A,B,B,B
UNCHS047864,A,B,A,A,A,B,B,A
JAX00089446,A,B,A,A,A,A,A,A
UNCHS047865,B,A,B,B,B,B,B,B
UNC30384222,A,B,B,B,B,B,B,B
UNCHS047866,B,B,B,B,B,A,A,B
UNC30384645,A,A,A,A,A,A,A,B
UNC30385087,B,B,B,A,B,B,B,B
UNC30385419,A,A,B,A,A,A,A,A
JAX00089456,A,B,A,A,A,A,A,A
UNC30385989,B,B,B,B,B,A,B,B
UNC30386089,B,B,B,B,B,A,A,B
UNC30386265,A,B,A,A,A,B,B,A
UNC30386434,B,A,B,B,B,A,A,B
UNC30386515,A,A,A,A,A,B,A,A
UNC30386596,B,B,B,B,B,A,A,B
UNC30386742,B,A,B,B,B,A,A,B
UNC30386897,A,A,A,A,A,A,B,B
UNCHS047867,A,B,A,A,A,B,B,B
UNCHS047868,A,B,A,A,A,A,A,A
UNC30387146,B,A,B,B,B,A,A,A
UNC30387215,B,B,B,B,B,A,B,B
UNC30387382,B,A,A,B,B,B,B,A
UNC30387430,A,A,B,A,A,B,B,B
UNCHS047869,B,B,B,B,B,A,A,B
UNC30387747,A,B,B,B,B,B,B,A
UNC30387899,B,B,A,A,A,B,B,A
JAX00478708,B,B,B,A,A,A,A,A
UNC30388406,A,A,A,A,A,A,A,B
UNC30388622,B,B,B,B,B,A,B,B
UNC30388775,A,A,B,A,A,B,B,B
UNC30388863,B,B,A,A,A,B,B,A
JAX00478727,A,A,B,A,A,A,A,B
UNC30389045,A,A,B,A,A,A,A,A
UNC30389272,A,A,A,B,B,B,B,B
UNC30389509,B,B,B,B,B,A,B,B
UNC30389653,B,B,B,B,B,A,A,A
UNC30389853,A,A,A,A,A,B,B,A
UNCHS047871,A,A,A,A,A,B,B,A
UNCHS047872,B,B,A,A,A,A,A,A
UNC30390221,A,A,A,B,B,B,B,B
JAX00478756,B,B,A,B,B,B,B,B
UNC30390358,B,B,B,B,B,A,B,B
UNC30390765,A,A,B,B,B,A,A,B
UNC30390881,A,B,B,A,A,A,A,A
UNC30391227,A,A,A,B,B,B,A,A
UNC30391332,B,B,B,B,B,B,B,A
UNC30391631,A,B,B,B,B,A,A,B
UNC30391738,B,A,B,A,A,A,A,A
UNC30391944,A,A,B,B,B,A,B,A
UNC30392264,A,A,B,B,B,B,B,A
UNC30392673,B,B,B,B,B,A,A,A
UNCHS047873,A,A,A,A,A,B,B,A
UNCHS047874,B,A,B,B,B,A,A,A
UNC30392944,A,B,A,A,A,B,B,A
JAX00089500,B,A,B,B,B,A,A,B
UNCHS047875,A,A,A,A,A,B,B,A
UNC30393368,B,A,B,B,B,B,A,A
JAX00478797,A,A,A,A,A,B,A,A
UNC30393500,B,B,A,A,A,B,B,B
UNC30394191,A,A,A,A,A,B,B,A
UNC30394720,B,A,B,B,B,A,B,B
UNC30395734,B,B,B,B,B,B,B,A
JAX00478833,B,B,B,B,B,A,B,B
UNC30396042,A,A,A,B,B,A,A,A
UNCHS047877,B,B,B,B,B,A,A,B
UNCHS047878,B,A,B,B,B,B,B,B
UNCHS047879,A,A,A,A,A,B,B,A
UNC30396412,B,B,B,B,B,A,A,B
UNCHS047881,B,A,B,B,B,A,B,B
UNCHS047882,B,A,A,A,A,B,A,A
UNC30396873,A,B,A,A,A,A,B,A
UNC30397183,A,A,B,B,B,A,B,B
UNC30397717,A,B,B,B,B,B,B,A
UNC30398162,B,A,A,B,A,B,B,A
JAX00478865,A,A,A,A,A,A,B,A
UNC30398748,A,B,A,A,B,B,B,B
UNC30398983,A,B,B,B,A,A,A,B
UNC30399642,A,A,A,A,A,A,B,A
UNC30400006,A,A,B,A,A,B,B,B
UNCHS047883,A,A,A,A,A,B,-,A
UNCHS047884,B,A,B,B,B,B,B,B
UNC30400546,A,B,B,B,B,A,A,A
JAX00478909,B,B,B,B,B,A,B,B
UNC30401037,A,A,A,B,B,B,A,A
JAX00478918,A,A,A,A,A,B,A,A
UNCHS047885,B,B,B,B,B,A,A,A
UNCHS047886,A,A,A,A,A,B,B,A
UNCHS047887,A,A,A,A,A,B,B,A
UNCHS047888,A,A,A,A,A,B,-,B
UNCHS047889,B,B,B,B,B,A,A,B
UNCHS047890,A,A,B,B,A,A,A,A
UNCHS047891,A,B,B,A,A,B,B,B
UNCHS047892,A,B,A,A,A,A,A,A
UNC30402027,A,B,A,A,A,B,B,A
UNC30402472,A,A,A,B,A,A,A,A
UNC30402765,B,A,A,B,B,A,B,B
UNC30403774,A,B,A,B,B,B,B,B
UNCHS047893,A,B,A,B,B,B,B,B
UNCHS047894,B,B,A,B,B,B,B,A
UNC30404798,B,A,A,B,B,B,B,A
UNCHS047895,B,B,B,B,B,A,B,B
UNCHS047896,B,B,B,B,B,A,A,B
UNC30406201,B,A,A,A,B,B,A,B
UNC30406793,A,B,B,B,A,B,A,A
UNCHS047897,B,A,A,A,B,-,B,B
UNCHS047898,A,B,A,A,A,B,B,A
UNC30407111,B,B,A,A,B,A,A,B
UNC30407806,A,B,A,B,B,B,B,B
UNC30408346,B,B,B,B,B,A,A,A
UNC30409023,B,B,B,A,B,A,B,B
UNC30409278,A,A,A,B,B,A,A,B
JAX00479065,B,B,B,A,A,A,A,A
UNC30410614,B,A,B,A,A,A,B,A
UNC30410944,B,B,B,B,A,A,A,A
UNC30411631,A,A,A,B,B,B,B,A
UNCHS047899,A,A,A,B,B,A,B,A
UNCHS047900,B,B,B,B,B,A,A,B
UNC30412231,A,B,A,A,A,B,B,A
UNC30412855,A,B,A,B,B,B,A,A
UNCHS047901,B,B,B,A,A,A,A,B
UNCHS047902,B,B,B,B,B,A,A,B
JAX00479148,B,B,B,B,B,A,B,B
UNCHS047903,A,B,A,B,B,B,B,B
UNCHS047904,A,B,A,A,A,A,A,B
UNCHS047905,A,A,A,B,B,A,A,A
UNCHS047906,B,B,B,B,B,A,A,B
JAX00089607,B,B,B,A,A,B,B,B
UNCHS047907,A,A,A,B,B,A,A,A
UNCHS047908,B,B,B,B,B,A,A,B
UNC30414168,A,A,A,B,B,B,B,A
UNC30414721,B,A,B,B,B,A,A,A
JAX00479167,B,A,B,A,A,A,A,A
UNC30415603,A,B,A,B,B,A,A,B
UNC30416212,A,B,A,A,A,B,A,B
UNC30416595,B,A,B,A,A,B,B,A
UNC30417262,B,A,B,B,B,A,A,A
UNC30417394,B,A,B,B,B,A,A,A
UNC30417664,B,B,B,B,B,A,B,B
UNC30417776,A,B,A,B,B,B,B,B
UNC30417976,A,A,A,A,A,B,B,A
UNCHS047909,B,A,B,B,B,B,B,A
UNC30418085,B,A,B,B,B,A,A,A
UNCHS047910,B,B,B,B,B,A,A,B
UNC30418212,A,B,A,A,A,B,B,B
UNC30418404,B,A,B,A,A,B,A,A
UNC30418819,A,B,A,B,B,A,A,B
UNC30418961,B,A,B,A,A,A,A,A
UNC30419124,A,B,A,A,A,B,B,B
UNCHS047912,B,A,B,B,B,A,A,A
UNC30419261,A,B,A,A,A,B,A,B
UNC30419484,A,B,A,B,B,A,A,B
UNC30419788,B,A,B,A,A,A,A,A
UNCHS047913,A,A,A,A,A,B,B,A
JAX00479250,B,B,B,B,B,A,A,B
UNCHS047914,B,A,B,B,B,A,B,A
UNC30420034,B,A,B,B,B,A,A,A
UNC30420128,A,B,A,A,A,B,A,B
UNC30420419,B,A,B,A,A,B,B,A
UNC30420519,A,B,A,A,A,B,B,B
UNC30420657,B,B,B,A,A,A,A,B
UNC30420826,B,A,B,B,B,A,A,A
UNC30421082,A,A,A,A,A,B,A,A
UNC30421308,A,B,A,A,A,A,A,B
JAX00479274,A,B,A,A,A,A,A,B
UNC30421462,A,B,A,A,A,B,B,B
UNC30421895,A,B,A,A,A,B,B,B
UNC30422044,B,A,B,B,B,A,B,A
UNC30422185,A,B,A,A,A,A,A,B
UNCHS047915,B,A,B,B,B,B,B,B
JAX00479284,B,A,B,B,B,A,A,B
UNC30422346,B,B,B,B,B,B,B,A
UNCHS047916,B,B,B,B,B,A,A,B
UNC30422583,B,A,B,B,B,A,A,B
JAX00479293,B,A,B,A,A,B,B,B
JAX00479293r,B,A,B,A,A,B,B,B
UNC30422993,B,A,B,A,A,A,B,B
UNC30423127,A,A,A,B,B,B,B,A
UNC30423453,A,A,A,B,B,B,A,B
UNC30423574,A,B,A,B,B,B,B,A
UNC30423837,A,B,A,B,B,A,B,A
UNC30423897,A,B,A,B,B,B,A,A
UNC30424139,B,A,B,B,B,A,A,B
UNC30424227,B,B,B,A,A,B,B,B
UNC30424412,B,A,B,B,B,A,A,B
UNC30424540,A,A,A,A,A,B,A,A
UNC30424881,A,A,A,B,B,B,B,A
UNC30425061,A,A,A,B,B,A,A,A
UNCHS047917,B,B,B,A,A,A,B,B
UNC30425204,B,B,B,A,A,A,A,B
UNCHS047918,B,B,B,A,A,B,A,B
UNC30425371,A,A,A,A,A,A,B,A
JAX00479311,B,B,B,B,B,B,A,B
JAX00479311q,B,B,B,B,B,B,A,B
UNC30425543,B,B,B,B,B,B,A,B
UNCHS047919,B,B,B,B,B,B,A,B
UNC30425653,B,A,B,A,A,B,A,A
UNCHS047920,A,B,A,B,B,A,A,B
UNC30425806,A,A,A,A,A,B,B,B
UNC30425927,A,A,A,B,B,B,A,A
UNC30426098,A,B,A,B,B,B,B,B
UNC30426276,B,B,B,A,A,A,A,B
UNC30426366,B,A,B,A,A,A,B,B
UNC30426544,B,B,B,B,B,A,B,B
UNC30426699,A,A,A,A,A,B,B,A
UNC30426888,B,A,B,A,A,A,B,A
UNC30427028,B,B,B,A,A,A,A,A
UNC30427113,B,B,B,A,A,A,B,A
UNC30427206,A,B,A,A,A,A,A,A
UNCHS047921,B,A,B,B,B,B,A,B
UNC30427389,A,A,A,B,B,B,A,B
UNCHS047922,B,A,B,A,A,A,B,A
UNC30427502,B,A,B,A,A,B,B,B
UNC30427516,A,A,A,A,A,B,B,B
UNC30427598,B,B,B,A,A,B,B,A
UNC30427664,B,B,B,A,A,A,B,B
JAX00479364,B,A,A,A,A,A,A,A
JAX00479364q,B,A,A,A,A,A,A,A
UNC30427919,B,A,B,A,B,B,B,B
UNC30428020,B,A,B,A,B,B,A,B
UNC30428302,A,B,A,B,A,A,B,B
UNC30428488,A,B,A,B,A,A,B,B
UNC30428557,A,B,A,B,A,A,A,A
UNC30428871,B,B,B,A,B,B,A,B
UNCHS047923,A,A,A,B,A,A,B,B
UNCHS047924,A,A,A,B,A,A,B,A
UNC30428964,A,A,A,B,A,A,A,B
UNCHS047925,B,B,B,A,B,B,A,B
UNC30429133,A,A,A,A,B,B,A,B
UNCHS047926,A,B,B,A,A,A,B,A
UNC30429251,B,A,A,B,B,B,A,B
UNCHS047927,B,A,A,B,B,B,A,B
UNCHS047929,A,A,A,A,B,A,A,A
UNCHS047928,B,B,B,B,B,B,A,B
UNCHS047930,A,A,A,A,A,A,B,A
UNC30429611,A,A,A,A,A,A,B,A
UNC30429736,A,A,A,A,A,A,B,A
UNC30429832,A,A,A,A,A,A,B,A
UNC30430021,A,B,B,A,B,B,B,B
JAX00089685,A,B,B,A,A,A,A,A
UNCHS047931,A,B,B,A,A,A,A,A
UNCHS047932,A,B,B,A,B,B,B,B
UNC30430530,B,B,B,B,A,A,A,A
UNC30431845,B,B,B,B,B,A,A,A
UNCHS047933,B,B,B,B,B,B,B,A
UNC30432300,B,A,A,B,A,B,B,A
UNCHS047935,A,B,B,A,B,A,B,B
UNCHS047936,B,B,B,B,B,A,A,B
UNC30432490,A,A,A,A,A,B,B,A
UNC30432967,A,A,A,A,A,B,B,B
JAX00479413,A,A,A,A,A,B,B,B
UNCHS047937,B,B,B,B,B,A,A,A
UNC30433668,A,A,A,A,A,B,A,B
JAX00479418,B,B,B,B,B,A,A,A
UNC30434239,B,B,B,B,B,A,A,A
JAX00215136,A,A,A,A,A,A,B,A
UNC30435258,A,A,A,A,A,B,B,B
UNCHS047939,A,A,A,A,A,B,A,B
UNCHS047940,B,B,B,B,B,B,A,A
UNC30436377,A,A,A,A,A,A,B,B
UNC30436885,B,B,B,B,B,B,A,A
JAX00089736,A,A,A,A,A,B,B,A
UNC30438146,A,A,A,A,A,B,B,B
UNC30438794,B,B,B,B,B,A,B,A
UNCHS047941,B,B,B,B,B,A,-,A
UNCHS047942,A,A,A,A,A,A,B,B
UNC30439553,B,B,B,B,B,A,A,A
JAX00479471,B,B,B,B,B,A,B,B
UNC30440776,A,A,A,A,A,B,B,A
UNCHS047943,B,B,B,B,B,A,A,B
UNC30441337,A,A,A,A,A,B,B,A
UNC30442173,B,B,B,B,B,A,B,B
UNC30443003,B,B,B,B,B,B,B,A
UNC30443318,B,B,A,B,A,A,A,A
JAX00479498,A,A,A,A,A,B,B,A
UNCHS047945,A,A,B,A,B,B,B,B
UNCHS047946,A,A,A,A,A,B,B,A
JAX00479513,A,A,A,A,A,B,A,A
UNC30444963,B,B,A,B,A,B,B,B
UNC30445991,A,A,B,A,B,B,A,A
UNC30446285,A,A,A,A,A,B,A,B
UNC30447907,A,A,B,A,A,A,A,B
UNC30449417,A,A,B,A,B,B,B,B
UNC30450661,A,A,B,A,A,B,B,B
JAX00215162,B,B,A,B,B,A,A,B
UNC30452218,B,B,A,B,A,A,B,A
UNC30452657,B,B,B,B,B,A,A,A
UNC30453311,B,B,B,B,B,A,B,B
UNCHS047947,A,A,A,A,A,B,B,A
UNCHS047948,A,A,B,A,A,A,A,B
UNC30453567,B,B,B,B,A,A,A,B
UNC30453604,B,B,B,B,B,A,B,B
UNC30453879,B,B,A,B,A,A,A,B
UNC30453969,A,A,B,A,A,B,B,A
UNC30454085,B,B,B,B,B,A,B,B
UNC30454401,B,B,A,B,A,A,A,B
UNC30454619,B,B,A,B,A,A,A,B
UNC30454711,A,A,B,A,A,A,B,A
UNC30454854,A,A,B,A,A,B,B,A
UNC30455037,A,B,A,A,A,A,A,A
UNC30455151,B,A,B,B,B,A,A,B
JAX00479658,B,B,B,B,B,A,B,B
UNC30455276,A,B,A,A,A,B,B,A
UNC30455368,A,B,A,A,A,A,B,A
UNC30455459,A,B,A,A,A,B,B,A
UNC30456453,A,A,B,A,B,A,A,B
JAX00089827,A,B,A,A,A,A,B,A
UNCHS047949,A,B,A,A,A,A,B,A
UNCHS047950,A,B,A,A,A,A,A,A
UNC30456992,B,A,B,A,A,B,A,A
UNCHS047951,A,B,A,A,A,B,B,A
UNCHS047952,A,A,A,B,B,B,A,B
UNC30458049,B,B,B,B,B,A,B,A
UNCHS047953,B,A,B,B,B,B,A,B
UNCHS047954,A,B,A,A,A,B,B,A
JAX00479710,A,A,A,A,A,B,A,A
UNCHS047955,B,A,B,B,B,A,A,B
UNCHS047956,A,B,A,A,A,A,B,A
UNC30460099,A,B,B,A,A,B,B,A
UNCHS047957,A,B,A,A,A,A,B,A
UNC30462455,B,A,B,A,A,A,A,A
UNCHS047958,A,B,A,A,A,A,A,A
UNC30464876,B,A,B,A,A,A,B,A
JAX00479765,A,A,A,A,A,B,A,A
UNC30466280,A,B,B,B,B,A,A,B
UNCHS047959,A,B,B,B,B,A,A,B
UNCHS047960,A,B,A,A,A,B,B,B
UNCHS047961,B,A,A,B,B,-,A,B
UNCHS047962,B,B,B,B,B,A,A,B
UNC30468811,B,B,B,B,B,A,A,A
backupUNC190084318,A,B,A,B,B,A,A,A
JAX00479810,-,B,B,B,B,A,A,A
UNC30471658,A,B,B,B,B,A,B,B
JAX00479843,B,B,B,B,B,A,B,B
UNC30474069,A,B,A,A,A,A,A,A
UNC30474540,B,B,B,B,B,A,A,B
UNCHS047963,B,B,A,B,B,A,B,B
UNCHS047964,A,A,A,A,A,B,B,A
UNC30475312,B,B,B,A,B,A,B,A
UNCHS047965,A,A,A,A,A,B,B,A
UNC30477146,B,A,A,A,B,A,A,B
UNCHS047966,A,A,A,B,A,B,B,A
UNC30477874,A,A,A,B,A,A,B,A
JAX00479905,B,B,B,B,B,A,B,B
JAX00089913,A,A,A,B,A,B,B,A
UNCHS047967,A,A,B,B,A,A,A,A
UNCHS047968,A,A,B,B,A,A,B,A
JAX00089918,B,B,A,A,B,A,A,B
UNC30479905,A,A,B,B,A,A,A,A
UNC30483291,B,A,B,B,B,B,B,B
JAX00479942,A,A,A,A,A,B,A,A
UNC30484703,A,A,B,A,A,A,B,A
B6_rs30447436,B,A,B,B,B,B,B,B
UNCHS047972,B,A,B,B,B,-,A,A
UNC190593408,B,B,B,A,B,A,A,B
UNC30487913,A,A,B,A,A,B,A,A
UNC30488845,A,B,A,A,A,B,B,B
JAX00480016,B,B,B,B,B,B,A,B
UNC30490318,A,B,B,A,A,A,A,A
JAX00480021,B,B,B,B,B,B,A,B
JAX00480023,B,B,B,B,B,A,B,B
UNC30491785,A,B,A,A,B,A,A,A
JAX00480033,A,A,A,A,A,A,B,A
UNC30493224,B,B,B,B,B,A,A,B
UNCHS047974,A,B,A,A,B,A,A,B
UNCHS047976,B,B,B,B,A,A,A,A
UNC30495390,A,B,A,B,A,B,B,B
JAX00089985,A,A,A,A,A,B,A,A
UNC30496752,A,B,A,A,A,A,B,A
JAX00089990,B,A,B,B,B,A,A,B
JAX00089990r,B,A,B,B,B,A,A,B
UNC30497862,A,A,B,A,A,A,A,A
JAX00480100,B,B,B,B,B,A,B,B
JAX00089997,A,A,A,A,A,A,B,A
UNC30499351,A,A,A,A,A,B,B,A
UNC30500434,B,A,B,B,B,A,A,A
UNC30500619,A,B,A,A,A,B,A,A
UNC30500882,B,A,B,B,B,B,B,B
UNC30501090,B,A,B,B,B,A,A,B
UNC30501297,A,A,A,A,A,A,A,B
UNC30501539,A,B,A,A,A,B,B,A
UNCHS047977,B,A,B,B,B,A,B,B
UNC30501709,B,B,B,B,B,A,B,B
UNCHS047978,A,A,A,A,A,B,B,A
UNC30502018,A,A,A,A,A,B,B,A
UNC30502244,B,B,B,B,B,A,A,B
UNC30502539,B,B,B,B,B,A,B,B
UNC30502756,B,B,B,B,B,A,A,B
UNC30502881,A,A,A,A,A,A,A,B
UNCHS047980,B,A,B,A,B,B,A,A
UNC30503411,A,B,A,A,A,B,B,A
UNC30503606,A,A,A,A,A,A,B,B
UNC30503833,B,A,B,A,B,A,A,A
JAX00480169,A,A,A,B,A,A,B,B
UNCHS047981,A,A,A,A,A,A,B,A
UNCHS047982,A,A,A,A,A,A,B,B
UNC30504003,A,A,A,A,A,A,B,A
JAX00480183,A,A,A,A,A,A,B,B
UNC30504108,A,A,A,A,A,A,B,B
JAX00480185,B,B,B,A,B,B,B,B
UNC30504255,A,A,A,A,A,B,A,A
UNCHS047983,B,B,B,B,B,B,B,A
UNCHS047984,B,B,B,A,B,B,B,B
UNC30504357,A,A,A,B,A,A,A,A
UNC30504421,A,A,A,B,A,A,A,A
UNC30504523,B,B,B,B,B,B,B,A
UNC30504627,B,B,B,B,B,B,A,B
UNC30504758,A,A,A,B,A,A,B,A
UNC30504967,A,A,A,B,A,A,B,A
UNC30505089,B,B,B,B,B,A,B,B
UNCHS047986,B,B,B,A,B,A,A,A
UNC30505193,B,B,B,A,B,A,A,A
UNC30505256,A,A,A,B,A,A,A,B
UNC30505452,B,B,B,B,B,A,B,A
UNC30505627,A,A,A,A,A,B,B,A
UNC30505811,A,A,A,A,A,B,B,B
UNCHS047987,B,B,B,B,B,A,B,A
UNC30505994,B,B,B,A,B,A,B,A
UNCHS047989,A,A,A,A,A,B,A,B
UNCHS047990,B,A,B,B,B,B,A,B
UNC30506059,A,B,A,B,A,B,A,B
UNC30506243,A,A,A,B,A,A,A,A
UNC30506398,B,B,B,A,B,A,A,B
UNC30506508,B,B,B,A,B,A,A,A
JAX00480220,A,A,A,B,A,B,A,A
UNC30506735,A,B,A,A,A,A,B,B
UNC30506985,B,A,B,A,B,A,A,B
UNC30507271,A,B,A,A,A,B,A,B
UNC30507437,A,B,A,A,A,B,B,A
UNC30507690,B,A,B,B,B,A,A,A
UNCHS047991,A,B,A,A,A,A,B,A
UNC30507761,A,A,A,B,A,B,A,B
UNCHS047992,A,A,A,A,A,B,B,A
UNC30507834,B,B,B,A,B,B,B,A
JAX00480263,A,A,A,B,A,A,B,B
UNC30507926,B,B,B,A,B,A,A,A
UNC30508022,B,B,B,A,B,A,A,A
UNC30508061,A,A,A,A,A,A,B,A
UNC30508133,A,A,A,A,A,B,A,A
UNC30508173,A,A,A,A,A,B,B,A
UNC30508333,A,B,A,A,A,A,A,A
UNC30508362,A,A,A,A,A,A,A,B
UNC30508437,B,B,B,B,B,A,B,B
UNC30508562,B,B,B,B,B,A,A,A
UNC30508671,A,A,A,A,A,A,B,A
UNC30508709,A,A,A,A,A,B,A,A
UNC30508729,B,B,B,B,B,B,B,A
UNC30508887,B,B,B,B,B,A,A,A
UNC30508945,B,B,B,B,B,B,A,B
UNC30508993,A,A,A,A,A,A,B,B
UNCHS047993,A,A,A,A,A,A,B,A
UNCHS047994,A,A,A,B,A,B,A,A
UNCHS047995,B,B,B,A,B,A,B,B
UNC30509094,A,A,A,B,A,B,B,B
UNC30509147,B,B,B,B,B,A,A,A
UNC30509185,B,B,B,B,B,A,A,A
UNC30509200,A,A,A,A,A,A,B,A
UNC30509226,B,B,B,B,B,A,B,B
UNC30509293,B,B,B,B,B,A,B,A
UNC30509371,B,B,B,B,B,A,A,A
UNC30509424,B,B,B,B,B,B,B,A
UNC30509549,A,A,A,A,A,B,B,B
UNC30509571,B,B,B,B,B,A,A,A
UNCHS047997,B,B,B,B,B,A,B,A
UNC30509994,A,A,A,A,A,B,A,A
UNC30510181,B,A,B,A,B,A,A,A
UNC30510729,B,B,B,B,B,A,A,B
UNC30510921,B,B,B,B,B,A,A,A
UNC30511269,B,B,B,B,B,A,B,B
UNC30511502,B,B,B,B,B,A,A,B
UNC30511790,B,B,B,B,B,A,A,B
UNC30512002,B,A,B,B,B,A,A,A
UNCHS047999,B,A,B,B,B,A,A,A
UNCHS048000,A,A,A,A,A,B,B,A
JAX00480322,A,A,A,A,A,A,B,A
UNC30512622,A,B,A,A,A,A,B,B
UNC30512711,A,B,A,A,A,B,B,B
UNC30513052,B,A,B,B,B,A,B,A
UNC30513635,B,B,B,B,B,A,A,B
UNC30513733,B,B,B,B,B,A,A,B
sanger2105,B,A,B,B,B,B,B,B
sanger2105q,B,A,B,B,B,B,B,B
UNC30513905,B,A,B,B,B,A,A,A
UNC30513988,A,A,A,A,A,B,A,A
UNC30514064,A,A,A,A,A,A,A,B
UNCHS048001,A,B,A,A,A,A,B,A
UNCHS048002,A,B,A,A,A,A,B,A
UNC30514188,A,B,A,A,A,B,B,B
UNCHS048004,B,A,B,B,B,B,A,B
UNCHS048005,B,A,B,B,B,B,A,B
UNC30514273,A,A,A,A,A,A,B,A
UNCHS048006,A,A,A,A,A,B,A,A
UNC30514339,B,B,B,B,B,A,B,B
UNC30514476,B,B,B,B,B,A,B,B
UNC30514671,B,A,B,B,B,A,A,B
UNCHS048008,A,A,A,A,A,B,B,B
UNC30515197,A,A,A,A,A,B,B,B
UNC30515474,B,B,B,B,B,A,A,B
UNC30515926,B,A,B,B,B,B,B,B
UNC30516206,B,B,B,B,B,B,A,A
UNCHS048009,B,B,B,B,B,A,A,A
UNC30516321,B,B,B,B,B,A,A,A
UNCHS048010,B,B,B,B,B,A,A,B
UNC30516495,A,A,A,A,A,B,B,B
UNC30516909,A,A,A,A,A,B,B,A
UNC30517274,B,B,B,B,B,A,B,A
UNCHS048011,B,B,B,B,B,A,B,A
UNCHS048012,B,B,B,B,B,A,A,B
UNCHS048013,B,B,B,B,B,A,B,A
UNC30517540,B,B,B,B,B,A,A,A
UNC30517806,A,B,A,A,A,B,B,B
UNC30518133,A,A,A,A,A,B,B,B
UNC30518362,A,A,A,A,A,B,B,A
UNC30518936,A,A,A,A,A,A,A,B
UNCHS048016,A,A,A,A,A,B,B,A
UNC30519143,A,B,A,A,A,B,B,B
UNC30519379,A,B,A,A,A,B,B,B
UNC30519791,A,A,A,A,A,B,B,A
UNC30520020,B,B,B,B,B,A,B,B
UNC30520602,A,A,A,A,A,B,B,A
UNC30520838,A,B,A,A,A,B,B,B
UNCHS048017,B,B,B,B,B,A,A,B
UNC30521127,B,A,B,B,B,A,A,A
UNCHS048018,A,B,A,A,A,A,B,B
UNC30521202,A,B,A,A,A,A,B,A
UNC30522139,A,A,A,A,A,B,B,B
JAX00090122,B,B,B,B,B,B,A,B
UNC30522937,A,B,A,A,A,B,A,A
UNCHS048019,B,A,B,B,A,B,B,B
UNCHS048020,B,A,B,B,A,B,A,A
UNC30524380,A,B,A,A,B,A,B,B
JAX00090138,B,B,B,B,B,B,A,B
UNCHS048021,B,A,B,B,A,B,B,B
UNC30525255,A,A,A,A,A,B,B,A
UNCHS048022,A,A,A,A,A,B,B,A
UNCHS048023,B,A,B,B,A,B,B,A
UNCHS048024,B,A,B,B,A,A,A,A
UNC30526471,A,B,A,A,B,B,A,B
JAX00090151,A,A,A,A,A,B,B,A
UNC30527086,A,A,A,A,A,B,A,B
UNCHS048025,A,A,A,A,A,B,B,A
UNCHS048026,A,A,A,A,A,A,B,B
UNCHS048027,B,B,B,B,B,B,A,A
UNCHS048028,A,A,A,A,A,B,B,B
UNC30528414,B,B,B,B,B,A,A,A
UNC30529329,B,A,B,A,A,A,B,B
JAX00480567,A,A,A,A,A,B,A,A
JAX00480570,A,A,A,A,A,B,B,A
UNC30530122,B,B,B,B,B,A,A,B
UNC30531100,B,B,B,B,B,A,A,B
UNC30531513,B,B,B,B,B,A,A,A
UNC30532167,A,A,B,B,A,B,B,B
JAX00480623,A,A,B,B,A,B,B,B
UNC30532336,A,A,B,B,A,B,A,B
UNC30532837,A,A,B,B,A,B,B,A
UNC30533121,B,B,A,A,A,B,B,A
UNCHS048029,B,B,A,A,A,B,B,A
UNCHS048030,A,A,A,A,A,B,B,A
JAX00480641,A,A,A,A,A,B,B,A
UNC30533361,A,A,A,A,A,B,B,A
UNC30533587,A,A,A,A,A,B,A,A
UNCHS048031,A,A,A,A,A,B,B,A
UNCHS048033,B,B,B,B,B,A,A,B
UNC30533960,B,B,B,B,B,A,A,B
UNCHS048034,A,A,B,B,B,B,B,B
UNC30534212,B,B,B,B,B,A,A,A
JAX00480653,B,B,B,B,B,A,B,B
UNC30534660,B,B,A,A,A,A,A,B
UNC30534808,A,B,A,A,A,B,B,B
UNC30535071,A,A,A,A,A,A,B,A
UNC30535265,A,A,A,A,B,B,B,A
UNCHS048035,B,B,B,B,B,A,A,B
UNCHS048036,A,B,A,A,A,A,A,A
UNC30535585,A,A,A,A,A,B,A,B
UNC30536136,A,B,A,A,A,B,B,A
UNC30536261,A,B,A,A,A,B,A,B
UNC30536562,B,A,B,B,B,A,A,A
JAX00480704,B,A,A,A,A,A,A,A
JAX00480704q,B,A,A,A,A,A,A,A
UNC30537007,B,B,B,B,B,A,A,A
UNCHS048037,B,B,B,B,B,B,A,A
UNCHS048038,B,B,B,B,B,A,A,B
UNCHS048039,B,B,B,B,B,A,A,A
UNC30537278,B,A,B,B,B,A,A,A
UNCHS048040,B,A,B,B,B,A,A,A
UNC30537854,B,A,B,B,B,B,A,B
UNC30538315,A,A,A,A,A,B,B,A
JAX00480735,B,B,B,B,B,A,B,B
UNC30538585,A,B,A,A,A,B,B,B
UNC30538985,A,B,A,A,A,B,B,A
UNC30539271,B,A,B,B,B,A,A,B
UNC30539898,B,A,B,B,B,A,B,B
UNC30540066,B,B,B,B,B,A,B,B
UNC30540323,A,B,A,A,A,B,B,B
UNCHS048041,B,B,B,B,B,A,A,B
UNCHS048042,A,B,A,A,A,A,A,A
UNC30540777,A,B,A,A,A,B,B,A
UNC30541095,B,A,B,B,B,A,A,A
UNC30541264,B,B,B,B,B,A,A,A
UNCHS048043,A,A,A,A,A,B,B,A
UNC30541591,B,B,B,B,B,A,B,B
UNC30541812,B,B,B,B,B,A,A,B
JAX00090226,B,B,B,B,B,A,B,B
UNC30541895,A,A,A,A,A,A,A,B
UNC30542110,A,A,A,A,A,B,B,A
UNCHS048046,A,A,A,A,A,B,B,A
UNC30542389,B,B,B,B,B,A,A,B
UNC30542671,A,A,A,A,A,B,A,A
UNC30542850,B,B,B,B,B,A,A,B
UNCHS048047,B,B,B,B,B,A,A,B
UNCHS048048,A,A,A,B,A,B,B,B
UNC30543375,B,B,B,B,B,A,A,B
UNC30543829,A,A,A,B,A,B,A,A
UNC30544344,A,A,B,B,B,A,B,B
JAX00480830,B,B,B,A,B,A,B,B
UNC30544538,A,A,A,B,A,B,B,A
UNC30544883,B,B,B,A,B,A,A,A
UNC30545287,B,B,B,B,B,A,B,B
UNCHS048049,A,A,A,A,A,B,B,A
UNC30545942,A,A,A,B,A,A,A,A
UNCHS048050,A,A,A,A,A,B,B,A
UNC30546083,A,A,B,B,B,A,A,A
JAX00480859,A,A,A,A,A,A,A,B
UNC30546524,A,A,B,B,B,A,B,B
JAX00090254,A,A,B,B,B,A,A,B
UNC30547799,A,A,B,B,B,B,B,B
UNC30548060,B,B,A,B,A,B,B,A
UNC30548190,A,A,B,A,B,A,B,B
JAX00480891,B,B,A,A,A,A,A,A
JAX00480891r,B,B,A,A,A,A,A,A
JAX00480901,A,A,A,A,A,A,B,A
JAX00480903,A,A,B,B,B,B,B,B
UNC30548607,A,A,B,B,B,A,A,B
UNC30549270,A,A,B,A,B,A,A,A
UNCHS048052,A,A,B,A,B,B,B,B
UNCHS048053,A,A,A,A,A,B,B,A
JAX00480918,A,A,A,A,A,B,A,A
UNC30549978,A,A,A,A,A,B,B,A
UNC30550675,B,B,B,B,B,A,A,A
UNC30550943,A,A,A,B,A,A,B,B
UNC30551235,A,A,A,B,A,B,B,B
UNC30551355,B,B,B,A,B,B,B,A
UNC30551850,B,B,B,A,B,A,B,A
UNC30552172,A,A,A,B,A,B,B,B
UNC30552529,B,B,B,B,B,B,B,A
UNC30552975,B,B,B,A,B,A,A,A
UNC30553250,B,B,B,B,B,A,A,A
UNC30553516,B,B,B,A,B,B,B,B
UNC30553730,A,A,A,A,A,B,B,A
UNC30554045,A,A,A,A,A,B,A,B
UNC30554251,B,B,B,B,B,A,A,A
JAX00481020,A,A,A,A,A,A,A,B
UNC30554374,B,B,B,B,B,A,A,A
UNC30554639,B,A,A,A,A,B,B,B
UNCHS048057,B,B,B,B,B,A,A,B
UNC30554951,B,B,B,B,B,B,B,A
UNCHS048058,A,B,B,B,B,A,A,A
UNC30555204,A,B,B,B,B,A,B,A
UNC30555696,B,A,A,B,A,B,B,B
UNCHS048059,A,B,B,A,B,A,A,A
UNCHS048060,B,B,B,B,B,A,A,B
UNC30556064,B,B,B,B,B,A,B,B
UNC30556245,B,B,B,A,B,B,B,B
UNC30556595,A,A,A,B,A,B,B,B
UNC30556819,B,B,B,A,B,B,B,A
UNC30556961,A,A,A,B,A,A,A,B
UNC30557110,B,B,B,A,B,B,A,A
UNC30557303,A,A,A,B,A,B,B,A
UNC30557511,A,A,A,B,A,B,B,B
JAX00481071,A,A,A,A,A,B,B,B
UNCHS048062,A,A,A,A,A,B,B,A
UNC30557920,A,A,B,B,B,A,A,B
UNC30558073,B,B,A,A,A,B,A,B
UNC30558321,B,B,A,A,A,A,B,B
UNC30558533,A,A,B,B,B,B,A,B
UNC30558783,A,A,B,B,B,A,A,B
UNC30559086,B,B,A,A,A,B,B,A
UNC30559311,A,A,B,B,B,B,B,A
JAX00481113,A,A,A,A,A,B,A,A
UNC30559492,A,A,B,B,B,A,A,A
UNC30559636,A,A,B,B,B,A,B,A
UNC30559855,A,A,B,B,B,B,A,B
UNC30560062,B,B,A,A,A,B,B,A
UNC30560333,A,A,B,B,B,B,B,A
UNC30560571,A,A,B,B,B,B,A,A
UNCHS048063,A,A,B,B,B,-,A,A
UNCHS048064,B,B,A,A,A,A,A,B
UNC30560818,A,A,B,B,B,B,A,A
UNC30561002,B,B,A,A,A,B,A,B
UNC30561077,A,A,B,B,B,B,B,A
JAX00481153,B,B,A,A,A,B,B,B
UNC30561293,A,A,B,B,B,B,-,A
UNC30561535,B,B,A,A,A,A,B,A
UNC30561916,A,A,B,B,B,A,B,B
UNC30562078,A,A,B,B,B,A,A,B
UNC30562261,A,A,B,B,B,A,A,B
UNC30562397,A,A,A,A,A,B,B,A
UNC30562586,A,A,A,A,A,B,B,B
UNC30562855,B,B,A,A,A,B,A,B
UNC30563087,A,A,A,A,A,B,B,B
UNC30563413,A,A,B,B,B,B,A,A
UNC30563645,A,A,B,B,B,A,B,B
UNC30563918,A,A,B,B,B,A,A,B
UNC30564065,A,A,B,B,B,A,B,A
UNC30564127,A,A,B,B,B,A,A,A
UNC30564566,B,B,A,A,A,A,B,B
UNC30564695,A,A,B,B,B,B,A,A
UNC30564845,B,B,A,A,A,A,A,B
UNC30564891,A,A,B,B,B,B,A,A
UNC30565125,A,A,B,B,B,B,B,B
UNC30565277,A,A,B,B,B,B,A,A
UNC30565413,B,B,A,A,A,A,B,B
UNCHS048065,A,A,B,B,B,B,B,B
UNC30565665,B,B,A,A,A,A,B,A
UNC30565876,A,A,A,A,A,A,A,B
UNC30565995,A,A,A,A,A,A,B,A
UNC30566055,B,B,B,B,B,B,A,B
UNC30566213,A,A,A,A,A,A,B,A
UNC30566385,B,B,A,A,A,B,A,A
UNC30566488,B,B,B,B,B,B,B,A
UNC30566555,B,B,A,A,A,B,B,A
UNCHS048067,B,B,A,A,A,B,A,A
UNCHS048068,B,B,A,A,A,B,-,A
UNC30567010,A,A,B,B,B,A,B,B
UNC30567406,A,A,A,A,A,A,A,B
UNCHS048069,B,B,B,B,B,B,A,B
UNCHS048070,B,B,A,A,A,A,B,A
UNC30567537,B,B,A,A,A,A,B,A
UNC30567731,B,B,A,A,A,A,A,A
UNC30567892,B,B,A,A,A,A,B,B
UNC30567994,A,A,B,B,B,B,A,A
UNC30568374,A,A,B,B,B,A,B,A
UNC30568555,A,A,B,B,B,A,A,B
JAX00090362,A,A,B,B,B,A,A,A
UNCHS048071,B,B,A,A,A,B,A,B
UNC30568804,B,A,B,B,B,B,A,B
UNCHS048072,B,A,B,B,B,B,A,B
UNC30569180,A,B,A,A,A,A,A,A
UNC30569376,B,B,B,B,B,A,A,A
UNCHS048073,A,A,A,A,A,B,A,B
UNCHS048074,B,B,B,B,B,B,A,B
UNC30569613,B,A,B,B,B,B,A,A
UNC30569795,B,A,B,B,B,B,A,B
UNC30570321,B,A,B,B,B,B,B,A
UNC30570411,A,B,A,A,A,A,B,B
UNC30570469,A,A,A,A,A,A,B,B
UNC30570564,B,A,B,B,B,B,B,A
UNC30570820,B,B,B,B,B,B,A,B
UNC30570939,A,A,A,A,A,A,B,A
UNC30571060,B,A,B,B,B,B,A,A
UNC30571180,B,A,B,B,B,B,A,A
UNC30571416,B,A,B,B,B,B,B,A
UNC30571657,B,A,B,B,B,A,A,B
UNC30571771,B,A,B,B,B,A,A,B
UNC30571997,A,A,A,A,A,A,B,A
UNC30572139,A,B,A,A,A,B,B,A
UNC30572302,A,B,A,A,A,A,B,A
UNCHS048075,B,A,B,B,B,B,B,B
UNCHS048076,A,A,A,A,A,A,B,A
UNC30572458,A,A,A,A,A,A,B,A
UNC30572568,B,A,B,B,B,B,B,B
UNC30572671,B,B,B,B,B,B,A,B
UNCHS048078,B,B,B,B,B,B,A,B
UNC30572779,B,B,B,B,B,A,A,A
UNC30572880,B,B,B,B,B,A,B,B
UNC30573066,A,B,A,A,A,A,B,B
UNC30573182,A,B,A,A,A,A,A,B
UNC30573335,A,B,A,A,A,A,B,A
UNC30573561,B,A,B,A,B,B,B,B
UNC30573659,A,B,A,B,B,B,B,B
UNC30573889,B,A,B,A,A,B,A,A
UNC30574071,A,B,A,B,B,A,A,B
UNCHS048079,B,A,B,A,A,B,A,A
UNCHS048080,A,B,A,B,B,A,A,B
UNC30574272,A,B,A,B,B,A,A,B
UNCHS048081,A,B,A,B,B,A,A,B
UNCHS048082,A,B,A,B,B,A,A,A
UNC30574412,A,B,A,B,B,A,B,A
UNC30574632,B,B,B,B,A,A,B,B
UNC30574762,A,A,A,A,A,B,B,A
UNC30574817,B,A,B,A,B,B,B,A
UNC30575086,B,A,B,A,A,B,B,A
UNC30575206,B,A,B,A,B,B,B,A
UNC30575327,B,A,B,A,A,A,B,A
UNC30575451,B,A,B,A,A,B,A,A
UNC30575577,A,B,A,B,B,A,A,B
UNC30575730,A,B,A,B,B,A,B,A
UNCHS048083,A,B,A,B,B,A,B,A
UNCHS048084,A,A,A,A,B,A,A,B
UNC30575827,B,A,B,A,B,B,B,B
UNC30576028,A,B,A,B,A,A,B,A
UNC30576168,B,A,B,A,B,B,A,B
UNC30576425,B,B,B,B,A,A,A,A
UNC30576522,B,B,B,B,A,A,B,A
UNC30576638,A,A,A,A,B,B,B,B
UNC30576712,B,A,B,A,B,A,B,B
UNC30576850,A,A,A,A,B,A,B,B
UNC30577049,B,B,B,B,B,A,B,A
UNC30577165,B,A,B,A,A,B,B,A
UNCHS048085,A,A,A,A,A,B,A,B
UNC30577225,B,B,B,B,B,B,A,B
UNCHS048086,A,B,A,B,B,A,A,A
UNC30577235,B,B,B,B,B,B,A,B
UNC30577258,A,A,A,A,A,B,B,B
UNCHS048087,A,A,A,A,A,B,B,B
UNC30577291,A,A,A,A,A,A,B,A
UNC30577328,B,A,B,A,A,B,A,B
UNCHS048088,A,B,A,B,B,A,B,A
UNC30577415,A,B,A,B,B,B,A,B
UNC30577534,A,B,A,B,B,A,A,A
UNC30577645,B,A,B,A,A,B,A,B
UNC30577730,B,B,B,B,B,A,B,B
UNC30577817,A,A,A,A,B,A,A,A
UNC30577966,A,A,A,A,A,A,A,B
UNC30578052,B,B,B,B,B,B,A,B
UNC30578123,B,B,B,B,B,B,A,B
UNC30578206,A,B,A,B,B,B,A,B
UNC30578421,B,B,B,B,B,A,A,A
UNCHS048089,B,A,B,A,B,A,B,A
UNC30578471,B,A,B,A,B,A,B,A
UNCHS048090,A,B,A,B,A,A,A,A
JAX00481498,A,A,A,A,B,B,B,B
UNC30578956,B,B,B,B,A,A,B,A
UNC30579080,A,A,A,A,B,B,B,B
UNC30579167,A,A,A,A,B,B,B,B
UNC30579256,B,B,B,B,A,A,B,A
UNC30579313,A,A,A,A,B,B,B,B
UNCHS048091,B,B,B,B,A,A,A,A
UNCHS048092,A,A,A,A,A,A,B,B
UNC30579420,A,A,A,A,A,A,B,B
JAX00090424,A,A,A,A,A,A,B,A
UNC30579474,A,A,A,A,A,A,B,B
UNC30579565,A,A,A,A,A,A,B,B
UNC30579683,B,B,B,B,B,B,B,A
JAX00481528,B,B,B,B,B,B,A,A
UNCHS048093,B,A,B,A,B,B,B,B
UNC30579808,B,B,B,B,B,B,A,B
UNCHS048094,A,A,A,A,A,A,B,A
UNCHS048095,A,A,A,A,A,A,B,A
UNCHS048096,A,A,A,A,A,A,B,A
UNC30580022,B,B,B,B,B,A,B,B
UNC30580062,A,A,A,A,A,A,B,A
UNC30580160,B,B,B,B,B,B,A,B
UNC30580208,B,B,B,B,B,B,A,B
UNC30580240,A,A,A,A,A,A,B,A
UNC30580257,A,A,A,A,A,A,B,A
UNC30580272,B,B,B,B,B,B,A,B
UNC30580282,A,A,A,A,A,A,B,A
UNC30580345,A,A,A,A,A,A,B,A
UNC30580434,B,B,B,B,B,B,A,B
UNC30580452,A,A,A,A,A,A,B,A
UNC30580465,A,A,A,A,A,A,B,A
UNC30580471,B,B,B,B,B,B,A,B
UNC30580499,A,A,A,A,A,A,B,A
UNC30580519,A,A,A,A,A,A,B,A
UNC30580523,B,B,B,B,B,B,A,B
UNC30580527,B,B,B,B,B,B,A,B
UNC30580541,A,A,A,A,A,A,B,A
UNC30580566,B,B,B,B,B,B,A,B
UNC30580578,B,B,B,B,B,B,A,B
UNC30580596,B,B,B,B,B,B,A,B
UNC30580616,B,B,B,B,B,B,A,B
UNC30580631,A,A,A,A,A,A,B,A
UNC30580647,A,A,A,A,A,A,B,A
UNC30580662,A,A,A,A,A,A,B,A
UNC30580799,B,B,B,B,B,A,A,B
UNCHS048098,B,B,B,B,B,B,A,B
UNC30581347,A,B,A,B,B,B,A,B
UNCHS048099,A,A,A,A,A,B,B,A
UNC30581580,A,A,A,A,A,A,B,A
UNCHS048100,A,A,A,A,A,B,B,A
JAX00481554,A,A,A,A,A,B,B,A
UNCHS048102,A,B,B,B,B,B,B,A
UNC30581757,B,A,B,A,A,A,B,B
UNC30581796,B,A,A,A,A,B,B,B
UNC30582147,B,B,A,B,B,B,B,B
JAX00481568,A,A,A,A,A,B,A,A
UNC30582378,A,B,A,B,B,B,A,A
UNC30582698,A,A,A,A,A,B,B,A
UNC30582971,B,B,B,B,B,A,A,B
UNC30583310,A,B,A,B,B,B,B,A
UNC30583474,A,B,A,B,B,A,B,B
UNC30583718,B,A,A,A,B,A,B,A
UNC30584071,A,A,A,A,A,A,B,A
UNC30584381,A,A,A,A,A,A,A,B
JAX00090460,B,A,A,A,A,A,B,A
UNC30584421,B,A,A,A,A,A,B,A
UNC30584710,B,B,B,B,A,B,B,B
UNC30584932,A,A,A,A,B,A,B,A
JAX00481628,A,A,A,A,B,A,B,A
UNC30585319,A,A,A,A,B,A,A,A
UNC30586125,A,A,A,A,B,A,B,B
UNCHS048103,A,A,A,A,B,A,-,A
UNC30586356,B,A,B,A,A,A,A,B
UNCHS048104,B,A,B,A,A,A,A,B
UNC30586618,B,A,B,A,B,B,A,B
UNC30587009,B,B,A,B,B,A,A,A
JAX00090478,A,B,B,B,A,B,A,A
UNC30587429,B,A,A,A,A,A,B,B
UNC30587725,A,A,A,A,A,B,A,A
UNCHS048106,B,B,B,B,A,B,A,B
UNCHS048107,A,A,A,A,B,A,B,A
UNC30588172,A,B,A,B,B,B,B,A
UNCHS048109,A,A,A,A,-,B,-,A
UNCHS048110,A,A,A,B,B,A,B,A
UNC30588489,B,B,B,A,A,B,B,B
JAX00481688,A,A,A,B,B,A,B,A
UNCHS048111,A,B,A,B,B,A,B,A
UNCHS048113,A,B,A,B,B,A,A,A
UNCHS048114,A,B,A,A,A,A,A,A
UNC30589004,B,B,A,A,A,B,B,B
UNC30589163,A,B,A,A,A,A,B,B
UNCHS048116,B,A,B,B,B,B,A,B
JAX00481704,B,A,B,B,B,B,A,A
UNC30589417,B,B,B,B,B,B,A,B
UNC30589668,A,B,B,B,B,B,B,B
UNC30589833,A,B,B,B,B,A,A,A
UNCHS048117,B,A,B,B,B,B,A,B
UNCHS048118,A,B,A,A,A,A,A,A
UNC30590171,B,A,B,B,B,B,A,B
UNC30590396,A,A,A,A,A,A,A,B
UNC30590753,A,B,A,A,A,A,A,A
UNC30590967,B,A,B,B,B,A,A,B
UNCHS048120,B,A,B,B,B,B,B,B
UNC30591141,B,A,B,B,B,A,A,B
UNC30591432,B,A,B,B,B,B,A,B
UNC30591867,B,A,B,B,B,B,B,B
UNC30592086,A,B,A,A,A,A,A,A
UNCHS048121,B,A,B,B,B,B,B,B
UNCHS048122,B,A,B,B,B,B,B,B
UNC30592323,A,B,A,A,A,A,A,B
UNC30592555,A,B,A,A,A,A,A,B
UNCHS048123,B,A,B,B,B,B,B,B
UNC30592798,B,B,B,B,B,B,A,A
UNC30593037,A,A,B,B,B,A,A,A
UNCHS048125,A,A,A,A,A,A,B,B
UNCHS048126,B,B,A,A,A,B,A,B
UNCHS048127,B,A,B,B,B,B,A,A
UNCHS048128,A,B,A,A,A,A,A,A
UNC30593305,B,B,B,B,B,B,A,B
JAX00481762,A,A,A,A,A,A,B,A
JAX00481763,B,A,B,B,B,A,A,A
UNC30593396,B,B,B,B,B,A,A,A
UNC30593610,B,A,B,B,B,A,A,A
UNCHS048129,A,B,A,A,A,B,B,B
JAX00481773,A,B,A,A,A,A,B,A
UNCHS048130,B,A,B,B,B,B,A,B
UNC30593827,B,A,B,B,B,B,A,A
UNC30593983,B,A,B,B,B,B,A,B
UNC30594156,A,B,A,A,A,A,A,A
JAX00481791,A,A,A,A,A,A,A,B
UNCHS048132,A,B,A,A,A,A,A,A
UNC30594454,A,B,A,A,A,A,B,B
UNCHS048133,B,B,B,B,B,B,A,A
UNCHS048134,B,A,B,B,B,B,A,-
JAX00481805,A,B,A,A,A,B,B,B
UNC30594905,A,A,B,B,B,A,A,A
UNCHS048136,A,B,A,A,A,B,B,B
UNCHS048137,B,A,B,B,B,B,B,B
UNCHS048139,B,A,B,B,B,B,A,B
UNCHS048140,B,A,B,B,B,A,A,A
JAX00481815,B,B,B,B,B,A,A,A
UNC30595480,B,B,B,B,B,B,A,B
UNCHS048141,A,A,B,B,B,A,B,A
UNCHS048142,B,A,B,B,B,B,A,B
UNC30595713,B,A,A,A,A,B,A,B
UNC30595883,B,A,A,A,A,B,A,B
UNCHS048143,A,B,A,A,A,A,B,A
UNCHS048144,B,A,A,A,A,B,A,B
UNC30596055,B,A,B,B,B,B,B,B
JAX00481828,A,B,B,B,B,A,B,A
UNC30596260,A,B,A,A,A,A,B,A
UNCHS048145,B,A,B,B,B,A,A,B
UNCHS048146,B,A,A,A,A,B,A,A
UNC30596357,B,B,A,A,A,A,B,A
UNC30596672,B,B,A,A,A,B,B,B
UNC30596841,A,A,A,A,A,A,A,B
UNC30597077,B,A,B,B,B,B,B,B
JAX00090554,A,B,A,A,A,A,A,A
JAX00481854,B,B,B,B,B,B,B,A
UNC30597622,B,A,B,B,B,B,A,A
UNC30597975,A,B,A,A,A,A,A,A
JAX00481864,A,A,A,A,A,A,B,A
UNCHS048147,A,B,A,A,A,A,B,B
UNCHS048148,B,A,B,B,B,B,A,B
UNC30598136,A,B,A,A,A,A,B,B
UNCHS048149,A,B,A,A,A,A,A,A
UNCHS048150,A,B,A,A,A,A,B,A
UNCHS048151,A,B,A,A,A,A,B,B
UNCHS048153,B,A,B,B,B,B,A,B
UNC30599086,B,A,A,A,A,B,A,A
UNCHS048154,B,A,A,A,A,B,A,A
UNCHS048156,B,A,B,B,B,A,A,B
JAX00481897,B,A,B,B,B,A,A,B
UNCHS048157,A,A,A,B,B,B,A,B
UNCHS048158,B,A,B,B,B,B,A,B
UNCHS048161,A,B,A,A,A,A,B,A
UNC30600194,A,A,A,B,B,B,B,B
UNCHS048163,A,B,A,B,B,B,B,B
JAX00090581,B,A,B,A,A,A,A,A
UNC30601220,B,B,B,B,B,B,B,A
JAX00481940,B,B,B,A,A,A,B,A
JAX00481940q,B,B,B,A,A,A,B,A
UNCHS048168,A,A,A,B,B,B,A,B
UNC30601828,B,B,B,A,A,A,B,A
UNCHS048169,B,A,B,B,B,A,B,B
UNCHS048170,A,B,A,A,A,A,B,A
JAX00481951,B,B,B,A,A,A,B,A
JAX00090597,A,B,A,A,A,A,B,A
UNC30602748,B,A,B,B,B,A,A,A
JAX00481976,A,B,A,A,A,A,B,A
UNC30603546,A,B,B,B,B,B,B,B
UNCHS048171,A,B,A,A,A,B,B,B
UNCHS048172,A,B,A,A,A,A,B,A
JAX00090608,A,B,A,A,A,A,B,A
UNCHS048174,B,A,B,B,B,B,A,B
UNCHS048175,B,A,B,B,B,B,A,B
UNC30603693,A,A,A,B,B,B,A,B
UNCHS048176,B,A,B,B,B,A,A,B
UNC30603794,B,B,B,B,B,B,A,A
JAX00090611,A,B,A,A,A,A,B,B
JAX00482006,A,B,A,A,A,B,B,B
UNCHS048177,B,A,B,B,B,B,A,A
UNCHS048180,A,B,A,A,A,B,B,A
UNCHS048182,B,A,B,B,A,A,B,A
UNC30604298,A,B,A,A,B,A,A,A
JAX00482009,B,B,B,B,B,A,B,A
UNCHS048183,B,A,B,B,A,B,A,B
UNCHS048184,B,A,B,B,A,B,B,B
UNC30604405,B,B,B,A,B,B,B,B
JAX00482013,B,B,B,B,B,A,B,A
UNCHS048185,B,A,B,B,A,B,B,B
JAX00090615,A,B,A,A,B,A,B,A
UNCHS048186,A,B,A,A,B,A,B,A
UNC30604501,A,B,A,A,B,A,A,A
UNC30604723,A,A,A,A,A,B,A,B
UNC30604935,B,A,B,B,A,B,A,B
UNC30604977,A,A,A,A,A,B,A,A
UNC30604999,B,B,B,B,B,B,A,B
JAX00090625,A,B,A,A,B,-,B,A
UNC30605071,B,A,B,B,A,B,A,B
UNC30605086,A,B,A,A,B,B,B,A
JAX00482022,B,A,B,B,A,B,B,B
